en,ja
Column help,列の説明
Right-click to add or delete rows. Paste from Excel works. Blank = not set. Several values in one cell: separate with |.,行の追加・削除は右クリック。Excel からの貼り付け可。空欄 = 未指定。1 セルに複数は | 区切り。
Show rows of,表示する行
What do these mean?,それぞれの意味
A report,各帳票
"its own rows. Where it has none, it uses the study defaults.",その帳票専用の行。専用の行が無い項目は、試験共通の既定が使われます。
Study defaults,試験共通の既定
"rows whose output_id is blank. They apply to every report that has no row of its own for the same thing: the page header, the run-information footer, the usual cell template, ...",output_id が空欄の行。同じ項目について専用の行を持たない全帳票に効きます（ページヘッダー、実行情報のフッター、共通のセルテンプレートなど）。
ALL,ALL
"every row of every report and the defaults at once, with output_id shown: for bulk edits and pasting from Excel.",全帳票と既定の行をまとめて表示（output_id 列あり）。一括編集や Excel からの貼り付け用。
Studies,試験
Open,開く
New study,新規試験
Register a folder,既存フォルダを登録
Unregister,登録解除
Refresh,更新
Settings,設定
This study,この試験
Reports,帳票
Reports (TFL),帳票 (TFL)
Add,追加
Copy,複製
Rename,名前変更
Delete,削除
The order is the order autoexec_report.R runs them in. Copy copies the report's rows of every sheet.,順番 = autoexec_report.R の実行順。複製は全シートの行ごとコピーします。
Data code,データ準備コード
Description,説明
1. ARD: make `ard` (Listing / Figure: make `content`). Blank = TODO.,1. ARD 作成：`ard` を作る（Listing / Figure は `content` を作る）。空欄 = TODO。
Run and read the ARD,実行して ARD を読む
"Runs 1 and 2 from the study folder and reads the variables, levels and statistics for input assistance.",1 と 2 を試験フォルダで実行し、変数・水準・統計量を読み取って入力支援に使います。
"Setup code every report runs first (library(), common data)",全帳票共通の前処理（library()、共通データの読み込みなど）
Program,プログラム
Table definition,表の定義
Report layout,帳票の体裁
Data,データ
Input data (data/),入力データ (data/)
Into,取り込み先
Add files,ファイルを取り込む
Open folder,フォルダを開く
Contents (first 50 rows),中身（先頭 50 行）
Results,成果物
Run selected,選択した帳票を実行
Run all,全て実行
Check the definition,定義チェック
Open output/tfl,output/tfl を開く
Download the RTF,RTF をダウンロード
Log,ログ
Definition check,定義チェックの結果
Save,保存
Saved (%d files written),保存しました（%d ファイルを更新）
%d hand-edited programs kept,手修正のある %d プログラムはそのまま
Open a study first,試験を開いてください
Unsaved changes,未保存の変更
Saved,保存済み
Open a study.,試験を開いてください。
(not found),（見つかりません）
Study ID,試験 ID
Title,試験名
Compound,化合物
Phase,相
Last saved,最終保存
Folder,フォルダ
tflplanner keeps the studies here (the master copy):,tflplanner が試験情報（正本）を保存する場所：
New study folders go to,新規試験のフォルダを作る場所
Change,変更
Language,言語
New studies go to %s,新規試験は %s に作ります
There are unsaved changes. Save first.,未保存の変更があります。先に保存してください。
Choose a study,試験を選んでください
Register an existing study folder,既存の試験フォルダを登録
Study folder (the one with study.yml),試験フォルダ（study.yml のあるフォルダ）
Definition workbooks in its spec/ become the study's definition.,spec/ に定義ブックがあれば、その内容を試験の定義として取り込みます。
Cancel,取消
Register,登録
Registered %s,%s を登録しました
Unregister %s,%s の登録を解除
"This deletes what tflplanner keeps about the study (definition, data code, history). The study folder (data, spec, programs, outputs) stays, and Register a folder brings it back from spec/.",tflplanner に保存した試験情報（定義・データ準備コード・履歴）を削除します。試験フォルダ（データ・spec・プログラム・成果物）は残り、「既存フォルダを登録」で spec/ から戻せます。
Unregistered %s,%s の登録を解除しました
Opened %s,%s を開きました
"Study ID (the folder name: letters, digits . _ -)",試験 ID（フォルダ名。英数字 . _ -）
Start empty,空で始める
Copy another study (definition and data code),既存の試験からコピー（定義とデータ準備コード）
Copy from,コピー元
Create the study folder in,試験フォルダを作る場所
Create,作成
Created %s,%s を作成しました
"Open a study from the list, or create one.",左の一覧から試験を開くか、新規試験を作成してください。
Rounding,丸め方 (rounding)
As options(rtfreporter.rounding),options(rtfreporter.rounding) に従う
r (half to even),r（偶数丸め）
sas (half away from zero),sas（四捨五入）
Folders,フォルダ構成
Input data: ADaM,入力データ: ADaM
Input data: SDTM,入力データ: SDTM
Input data: other,入力データ: その他
Definition workbooks (written on save),定義ブック（保存時に書き出し）
"Report programs, autoexec_report.R","帳票プログラム, autoexec_report.R"
Deliverable data: each Table's ARD (.rds),成果物データ: 各 Table の ARD (.rds)
Deliverable reports: RTF,成果物帳票: RTF
Run logs,実行ログ
Import definition workbooks (replaces this study's definition),Excel の定義ブックを取り込む（この試験の定義を置き換え）
Export the definition (Excel),定義ブックを書き出す (Excel)
Export the analyses as CDISC ARS,解析を CDISC ARS で書き出す
Download the study (zip),試験を zip でダウンロード
with data,データも含める
Open the study folder,試験フォルダを開く
Imported %d reports (not saved yet),%d 帳票を取り込みました（未保存）
ALL (every row),ALL（全帳票の全行）
Inherited from the study defaults (%d rows; edit them under Study defaults),試験共通の既定から引き継ぐ行（%d 行。編集は「試験共通の既定」で）
%s is a %s: the table definition is for Tables (a %s is made in its data code).,%s は %s です。表の定義は Table 用です（%s はデータ準備コードで作ります）。
Choose a report in the sidebar to fill its rows from its ARD and from presets.,サイドバーで帳票を選ぶと、ARD やプリセットから行を埋められます。
not read yet: Run and read the ARD.,未取得：「実行して ARD を読む」を押してください。
"read %s: %d keys, %d variables, statistics %s",%s 取得：キー %d 個、変数 %d 個、統計量 %s
Fill variables and levels,変数と水準を埋める
Fill table roles,表の役割を埋める
Cell preset,セルのプリセット
for,対象
every variable of its kind,同じ種類の全変数
Add cells,セルを追加
Column header preset,列見出しのプリセット
Set column header,列見出しを設定
%s: done,%s：完了
%s: %d rows added or filled,%s：%d 行を追加・補完しました
Read the ARD first (Run and read the ARD).,先に ARD を読んでください（「実行して ARD を読む」）。
"The ARD has no %s: add it to the ARD code, or edit the template.",ARD に %s がありません。ARD 作成コードに追加するか、テンプレートを直してください。
Choose a report,帳票を選んでください
Running the data code of %s,%s のデータ準備コードを実行中
"The ARD was read, but normalize and rework failed:",ARD は読めましたが、正規化・手動加工でエラー：
"ARD read: %d keys, %d variables",ARD を読みました：キー %d 個、変数 %d 個
Read %s from %s,%s に %s から取得
the normalized data,正規化・加工後のデータ
the raw ARD,生の ARD
Keys,キー
Hierarchy,階層
Variables,変数
Statistics,統計量
output_id,
Type,種別
RTF,
Choose a report in the list or the sidebar.,左の一覧かサイドバーで帳票を選んでください。
No file yet. Saving writes the program below.,まだファイルはありません。保存すると下のプログラムが書かれます。
The saved program is the one below.,保存済みのプログラムは下の内容と同じです。
The saved program is the one below (its data part is a TODO).,保存済みのプログラムと同じです（データ部は TODO のまま）。
The definition has changed: saving rewrites the program as below (a program nobody edited follows the definition).,定義が変わっています。保存すると下の内容に更新されます（手修正のないプログラムは定義に追従します）。
The saved program was edited by hand. Saving leaves it alone.,保存済みのプログラムは手で修正されています。保存しても上書きしません。
Regenerate this program,このプログラムを再生成
Regenerate %s,%s のプログラムを再生成
The program on disk is written again from the definition and the data code. Its hand edits are lost.,ディスク上のプログラムを、今の定義とデータ準備コードから書き直します。手で直した部分は消えます。
Regenerate,再生成
Add a report,帳票を追加
Copy %s,%s を複製
Rename %s,%s の名前を変更
Delete %s,%s を削除
The report's rows are deleted from every sheet (on save; its program and outputs stay on disk).,全シートからこの帳票の行を削除します（保存時に反映。プログラムと成果物のファイルは残ります）。
File,ファイル
KB,
Modified,更新日時
%d files added to %s,%d ファイルを %s に取り込みました
%s rows x %s columns,%s 行 × %s 列
none,なし
TODO,
as generated,生成のまま
as generated (definition changed),生成のまま（定義に変更あり）
edited by hand,手修正あり
Program state,プログラム
ARD,
Status,状態
error,
todo,
outdated,
unsaved,
ok,
Choose a report to see its log.,帳票を選ぶとそのログを表示します。
%s has not been run yet.,%s はまだ実行されていません。
The definition reads without errors,定義に問題はありません
The definition has errors (see Definition check),定義にエラーがあります（定義チェックの結果を参照）
A run is going on,実行中です
every report,全帳票
Finished: %s,%s の実行が終わりました
Finished with errors: %s,%s の実行が終わりました（エラーあり）
Running %s ...,%s を実行中…
tables: roles,表の役割 (tables)
variables,変数 (variables)
cells,セル (cells)
layout: pages,ページ割 (layout)
columns,列 (columns)
style,書式 (style)
col_header: column header,列見出し (col_header)
report,帳票 (report)
page,用紙 (page)
header,ヘッダー (header)
footer,フッター (footer)
titles,タイトル (titles)
footnotes,脚注 (footnotes)
Not written (save),未作成（保存で生成）
Unsaved (save),未保存（保存で更新）
TODO (data part),TODO（データ部未記入）
Not run,未実行
Error,エラー
Rerun needed,要再実行
OK,
"From the ARD: the column key, and the hierarchy (rows, label, sort) or group = variable. Blank cells only.",ARD から：列のキーと、階層（rows・label・sort）または group = variable。空欄だけを埋めます。
"From the ARD and the source data: a row per column key and analysis variable, with levels in order, label and order. Blank cells only.",ARD と元データから：列のキーと解析変数ごとに、水準（並び順つき）・ラベル・順番の行を作ります。空欄だけを埋めます。
missing:,不足：
Replaces this report's column header rows.,この帳票の列見出しの行を置き換えます。
Table builder (beta),表ビルダー（試作）
Preview: the table as it will print,プレビュー：出力される表
Choose a report in the sidebar.,サイドバーで帳票を選んでください。
The builder is for Tables; Listings and Figures are made in their data code.,ビルダーは Table 用です。Listing / Figure はデータ準備コードで作ります。
Read the report's ARD first (Reports > Data code > Run and read the ARD): the builder is built from it.,先に帳票の ARD を読んでください（帳票 > データ準備コード > 実行して ARD を読む）。ビルダーはその内容から作られます。
This table has a hierarchy (SOC / PT): the builder handles summary tables for now. Use Table definition; the preview works.,この表は階層（SOC / PT）を持ちます。ビルダーは今のところ要約表のみ対応です。表の定義を使ってください（プレビューは表示されます）。
"Drag to order, type to rename; every change is written to the sheets (Table definition) and shown on the right.",ドラッグで並べ替え、入力で名前変更。変更はすべてシート（表の定義）に書き込まれ、右側に表示されます。
Columns,列
Column variable,列の変数
Column header,列見出し
as it is,そのまま
Rows: variables in order,行：変数（この順で表示）
Label,ラベル
Levels (drag to order),水準（ドラッグで並べ替え）
Continuous variables,連続変数
Decimals the data are collected with,データの小数桁数
"Mean, median and quartiles get one more, SD two more, Min / Max the same.",平均・中央値・四分位は +1、SD は +2、最小・最大は同じ桁数。
Categorical variables,カテゴリ変数
Decimals of the percent,% の小数桁数
Order of the columns (drag),列の順番（ドラッグ）
The ARD has no %s: those cells stay empty. Add them to the ARD code.,ARD に %s がありません。そのセルは空欄になります。ARD 作成コードに追加してください。
No data to preview: Run and read the ARD.,プレビューするデータがありません：「実行して ARD を読む」を押してください。
%d pages,%d ページ
ARD definition (ard_spec),ARD の定義 (ard_spec)
"One row per analysis: the data, the population, the subset, the grouping, the variables and the method (a keyword or any cards / cardx function). The sidebar picks the report whose analyses are shown.",1 行 = 1 解析：データ・解析対象集団・部分集合・グループ・変数・手法（キーワード、または cards / cardx の任意の関数）。サイドバーで選んだ帳票の解析を表示します。
Methods,手法の一覧
Code (cards / cardx),コード (cards / cardx)
This report,この帳票
The whole study,試験全体
Generated ARD,生成される ARD
Run this report's analyses,この帳票の解析を実行
Build the study ARD,試験 ARD を作成
"Runs the code on the left in its own R process, from the study folder.",左のコードを試験フォルダで、別の R プロセスとして実行します。
%d analyses; the definition reads without errors.,解析 %d 件。定義にエラーはありません。
No analyses yet: add rows to the analyses sheet.,まだ解析がありません。analyses シートに行を追加してください。
"Choose a report in the sidebar, or show the whole study.",サイドバーで帳票を選ぶか、試験全体を表示してください。
%s has no analyses in the ARD definition.,%s には ARD の定義に解析がありません。
The code cannot be written yet:,まだコードを書けません：
Correct the ARD definition first.,先に ARD の定義を直してください。
Running the ARD code,ARD のコードを実行中
the whole study,試験全体
The ARD code failed: see the log.,ARD のコードがエラーになりました。ログを見てください。
Run the analyses to see the ARD they make.,解析を実行すると、生成される ARD を表示します。
%s: %d rows in %.1f s,%s：%d 行（%.1f 秒）
Data catalog (SDTM / ADaM),データカタログ (SDTM / ADaM)
The datasets the study's programs read: edit them on the ARD tab (datasets).,試験のプログラムが読むデータセット。編集は ARD タブ（datasets）で。
Study ARD,試験 ARD
One ARD for the study; each output takes its rows by output_id.,試験で 1 つの ARD。各帳票は output_id で自分の行を取り出します。
"Build the ARD output by output as each is ready: tables can be made from the outputs already in it, while others are still being defined.",準備ができた帳票から 1 つずつ ARD に入れられます。入った帳票から表を作り始められ、他の帳票はその間も定義を続けられます。
Put this output into the study ARD,この帳票を試験 ARD に入れる
Build the whole study ARD,試験 ARD 全体を作成
Listing / Figure,Listing / Figure
Preview,プレビュー
Preview the listing,Listing をプレビュー
Someone else saved the same part,他の人が同じ部分を保存しています
Changes others saved meanwhile were merged in.,その間に他の人が保存した変更を取り込みました。
Company standards,カンパニースタンダード
the built-in draft,組み込みのドラフト
"Dropdowns, presets, statistics, ARD methods, listing types, and the defaults a new study starts with.",プルダウン、プリセット、統計量、ARD の手法、Listing の種類、新規試験の初期値。
Download the standards in use,使用中のスタンダードをダウンロード
Download the built-in draft,組み込みのドラフトをダウンロード
Back to the built-in draft,組み込みのドラフトに戻す
Install company standards (Excel),カンパニースタンダードを取り込む (Excel)
"Company standards installed. They apply to what is offered from now on, and to new studies.",カンパニースタンダードを取り込みました。以後の候補表示と新規試験に適用されます。
Back to the built-in draft.,組み込みのドラフトに戻しました。
built,作成済み
not built,未作成
Analyses,解析数
State,状態
Rows,行数
Built,作成日時
%s is in the study ARD (%d rows),%s を試験 ARD に入れました（%d 行）
missing,なし
Dataset,データセット
Level,区分
Present,ファイル
Choose a Listing or Figure report in the sidebar.,サイドバーで Listing か Figure の帳票を選んでください。
This is a Table: its data is the study ARD (ARD tab) and its layout the Table definition.,これは Table です。データは試験 ARD（ARD タブ）、レイアウトは表の定義で作ります。
"A listing in rows: the data (a dataset of the catalog, a condition, an order) and its columns. Its data code (Reports tab), if any, reworks `data` after the condition.",Listing を行で定義します：データ（カタログのデータセット・条件・並び順）と列。データ準備コード（帳票タブ）があれば、条件の後に `data` を加工します。
"A figure reads its datasets here; the plot is its data code (Reports tab), written with ggplot2: it leaves `plot`.",Figure が読むデータセットをここで選びます。プロットはデータ準備コード（帳票タブ）に ggplot2 で書き、`plot` を作ります。
Data the figure reads,Figure が読むデータ
The program's data part,プログラムのデータ部分
Listing,Listing
Rows per page,1 ページの行数
Condition (R),条件 (R)
"Order (| between variables, - for descending)",並び順（変数は | 区切り、降順は -）
"Columns, in order",列（この順で表示）
vars: variables stacked in the column (| between them); label: \n breaks the header; width: characters; collapse_repeats: print a repeated value once.,vars：列に積み重ねる変数（| 区切り）、label：\\n で見出しを改行、width：文字数、collapse_repeats：繰り返す値を 1 回だけ表示。
Choose a Listing report,Listing の帳票を選んでください
Preview the listing to see its first pages with the data.,Listing をプレビューすると、実データで最初のページを表示します。
Layout,配置
Side by side,左右
Stacked,上下
One pane,1 ペイン
ARD definition,ARD 定義
Code / ARD,コード / ARD
Click a study to see it on the right; double-click to open it.,試験をクリックすると右に内容を表示、ダブルクリックで開きます。
Study,試験
(open),（開いています）
(not open),（未オープン）
ARD analyses,ARD 解析数
Open this study,この試験を開く
"Choose a study in the list, or create one.",一覧から試験を選ぶか、新しく作成してください。
Statistics and formats,統計量と書式
Statistics (company standards),統計量（カンパニースタンダード）
Choose a report with analyses in the sidebar: its analyses' statistics and formats are picked here.,サイドバーで解析のある帳票を選ぶと、その解析の統計量と書式をここで選べます。
Analysis,解析
not in the catalog,カタログにないもの
"Statistics of the numeric variables, in this order. cards computes its own; tflplanner writes a function for the others (CV, geometric mean, percentiles, CI of the mean ...).",数値変数の統計量（この順）。cards にあるものは cards が計算し、それ以外（CV、幾何平均、パーセンタイル、平均の信頼区間など）は tflplanner が関数をプログラムに書きます。
Counts and percents of each level.,各カテゴリの例数と割合。
Missing and non-missing counts.,欠測数と非欠測数。
"This method gives a fixed set of results (estimate, confidence limits, p-value ...): the statistics picked here are the ones kept. Blank keeps them all.",この手法は決まった結果（推定値、信頼限界、p 値など）を返します。ここで選んだ統計量だけを残します。空欄ならすべて残します。
Apply to the analysis,解析に反映
"Format: xx.x = 1 decimal, xx.x% = a proportion as a percent, 2 = 2 decimals, pvalue = <0.001 or 3 decimals. Blank = the default shown.",書式：xx.x = 小数 1 桁、xx.x% = 割合を % で、2 = 小数 2 桁、pvalue = <0.001 か小数 3 桁。空欄 = 薄字の既定値。
Not a format: %s,書式ではありません：%s
%s: statistics and formats written,%s：統計量と書式を書き込みました
"ARD programs: one per output, ard_setup.R, autoexec_ard.R",ARD プログラム：帳票ごとに 1 本、ard_setup.R、autoexec_ard.R
Deliverable data: the study ARD (ard.rds),成果物データ：試験 ARD（ard.rds）
Logs of the ARD programs,ARD プログラムのログ
Logs of the report programs,帳票プログラムのログ
This output's program,この帳票のプログラム
No file yet. Saving writes it.,まだファイルがありません。保存すると書き出します。
Both run the saved programs (programs/ard/): unsaved changes are saved first. Choose a row to see its log.,どちらも保存済みのプログラム（programs/ard/）を実行します。未保存の変更は先に保存します。行を選ぶとそのログを表示します。
Running the ARD programs,ARD プログラムを実行中
The study ARD is updated: %d program(s) ran without error.,試験 ARD を更新しました：%d 本のプログラムがエラーなしで終了。
An ARD program failed: see its log (Study ARD).,ARD プログラムがエラーになりました。ログを確認してください（試験 ARD）。
Choose a row to see its log.,行を選ぶとログを表示します。
Preview: put this output into the study ARD,プレビュー：この帳票を試験 ARD に入れる
Official run: the whole study ARD,正式実行：試験 ARD 全体
keep the code in the batch folder,バッチフォルダにコードを含める
"Both run the saved programs (programs/ard/): unsaved changes are saved first. A preview updates the working ARD and keeps no log; an official run makes a batch folder (runs/) with the logs (logrx), the ARD and the code. Choose a row to see its log in the latest official run.",どちらも保存済みのプログラム（programs/ard/）を実行します（未保存の変更は先に保存）。プレビューは作業用 ARD を更新しログは残しません。正式実行はバッチフォルダ（runs/）を作り、ログ（logrx）・ARD・コードを格納します。行を選ぶと最新の正式実行でのログを表示します。
Preview selected,選択をプレビュー
Preview all,すべてプレビュー
Official runs (batch folders),正式実行（バッチフォルダ）
"An official run makes a batch folder runs/<date>_<time>_<what>/ with each program's log (logrx), what the run made (the study ARD, the RTFs) and, if kept, the programs and definition workbooks it ran.",正式実行は runs/<日付>_<時刻>_<内容>/ のバッチフォルダを作り、各プログラムのログ（logrx）、作成物（試験 ARD、RTF）、指定すれば実行したプログラムと定義ブックを格納します。
"ARD, then reports",ARD → 帳票
Start the official run,正式実行を開始
Open the batch folder,バッチフォルダを開く
Running the ARD program,ARD プログラムを実行中
The ARD program failed: see what it printed below.,ARD プログラムがエラーになりました。下の出力を確認してください。
Choose a row to see its log in the latest official run.,行を選ぶと最新の正式実行でのログを表示します。
# Preview of %s (not kept),# %s のプレビュー（保存されません）
%s has no official run yet.,%s はまだ正式実行されていません。
the official run:,正式実行：
Batch folder,バッチフォルダ
Started,開始
Runs,実行
Programs,プログラム数
Errors,エラー
Code,コード
"Choose a report to see what its last preview printed, or a batch folder to see its run.",帳票を選ぶと直近のプレビューの出力を、バッチフォルダを選ぶとその実行内容を表示します。
Working data: the study ARD (ard.rds),作業用データ：試験 ARD（ard.rds）
Working reports: RTF,作業用帳票：RTF
"Official runs: one batch folder each (logs, results, code)",正式実行：1 回ごとのバッチフォルダ（ログ・結果・コード）
What a report program printed in its last preview,帳票プログラムの直近プレビューの出力
1. ARD: make `ard` (Listing: rework `data`; Figure: the plot). Blank for a table = the company template: its rows of the study ARD.,1. ARD：`ard` を作る（Listing：`data` の加工、Figure：プロット）。表で空欄なら会社テンプレート（試験 ARD から自分の行を取得）。
"2. Normalize and rework: make `data` from `ard` (normalize_ard(), then mutate() ...). Blank = the company template (normalize).",2. normalize と加工：`ard` から `data` を作る（normalize_ard() の後に mutate() など）。空欄なら会社テンプレート（normalize）。
"The sample study SAMPLE-01: CDISC pilot data (pharmaverseadam), one study ARD, four tables, a listing and a figure.",サンプル試験 SAMPLE-01：CDISC パイロットデータ（pharmaverseadam）、試験 ARD 1 つ、表 4 つ、Listing 1 つ、Figure 1 つ。
Add the sample study,サンプル試験を追加
Adding the sample study and making its ARD and reports ...,サンプル試験を追加し、ARD と帳票を作成しています ...
Added %s: double-click it in the list to open it.,%s を追加しました。一覧でダブルクリックすると開きます。
"No studies yet. Create one with New study (the sample study is one of its choices), or register a study folder.",試験がまだありません。「新規試験」で作成するか（サンプル試験のコピーも選べます）、試験フォルダを登録してください。
"The sample study: data, ARD definition, tables, listing and figures (made at once)",サンプル試験をコピー：データ・ARD 定義・表・Listing・図（作成まで一括）
Copying the sample study and making its ARD and reports ...,サンプル試験をコピーし、ARD と帳票を作成しています ...
Plot Designer,プロットデザイナー
Mapping (variables),マッピング（変数）
Style,スタイル
Axes,軸
Legend,凡例
Output,出力
Choose a Figure report in the sidebar.,サイドバーで図（Figure）の帳票を選んでください。
The Plot Designer designs figures: choose a Figure report in the sidebar.,プロットデザイナーは図を設計します。サイドバーで図（Figure）の帳票を選んでください。
"This figure's plot is written by hand (its data code, Reports tab). Start a design to make it from a figure type instead: the plot's code is then made from the design.",この図のプロットは手書きのコードです（帳票タブのデータコード）。デザインを開始すると、図の種類から設計でき、プロットのコードはデザインから作られます。
The figure is made from its design. Change it on the left: the figure is redrawn as its program will save it. Empty = the default (shown grey).,この図はデザインから作られます。左で変更すると、プログラムが保存するのと同じ図が再描画されます。空欄 = デフォルト（灰色で表示）。
Start a design,デザインから作る（テンプレート・会社のプリセット）
Figure type,図の種類
Start the design,デザインを開始する
Design,デザイン
Remove the design,デザインを削除
Preview (as saved),プレビュー（保存される図）
Redraw,再描画
Checks,チェック
Design (YAML),デザイン（YAML）
Remove the design?,デザインを削除しますか？
"The figure's plot is then its data code again (Reports tab), written by hand.",図のプロットは再び手書きのデータコード（帳票タブ）になります。
Remove,削除
default,デフォルト
figure type,図の種類
The figure,図
The figure could not be drawn: ,図を描画できませんでした：
Not drawn yet.,まだ描画していません。
No problems found.,問題は見つかりませんでした。
Parameter (PARAMCD),パラメータ（PARAMCD）
Group (treatment),群（投与群）
Analysis set flag,解析対象集団フラグ
Time,時間
Censor (1 = censored),打ち切り（1 = 打ち切り）
Time unit,時間の単位
X max,X 最大
X step,X 間隔
Y min,Y 最小
Y max,Y 最大
Y step,Y 間隔
Censor mark,打ち切りマーク
Number at risk title,リスク集合数の見出し
Value,値
Response parameter,奏効パラメータ
Response dataset,奏効データセット
Subject label,被験者ラベル
Reference lines,参照線
Duration,期間
Start,開始
End,終了
Assessment parameter,評価パラメータ
Assessment day,評価日
Events,イベント
Ongoing,継続中
Visit lines every,来院線の間隔
Subject key,被験者キー
Visit label,来院ラベル
Palette,パレット
Theme,テーマ
Width,幅
Height,高さ
DPI,DPI
Units,単位
Subgroups,部分集団
Responders,奏効とする反応
Category,カテゴリ
Visit (numeric),来院（数値）
Record flag,レコードフラグ
At visit,表示する来院
Term,用語
Treatment-emergent flag,TEAE フラグ
Top N,上位 N
Minimum %,最小 %
ALT parameter,ALT パラメータ
AST parameter,AST パラメータ
Bilirubin parameter,ビリルビン パラメータ
ULN multiple,ULN の倍数
Post-baseline only,ベースライン後のみ
Time label,時点ラベル
Stage,段階
By,層別（パネル）
Show advanced settings,詳細設定も表示
Read a dataset,データセットを読む
Join variables,変数を結合
Keep a parameter,パラメータで絞る
Keep an analysis set,解析対象集団で絞る
Keep rows (condition),条件で絞る
Derive a variable,変数を作る
Change a time's unit,時間の単位を変える
Order a variable's values,値の並び順
Rank rows,順位を付ける
R code,R コード
Kaplan-Meier fit,Kaplan-Meier 推定
Summary statistics,要約統計量
KM curves,KM 曲線
KM confidence bands,KM 信頼帯
Censor marks,打ち切りマーク
Reference line labels,参照線のラベル
Number at risk (panel),リスク集合数（下段）
n by visit (panel),来院ごとの n（下段）
Any ggplot2 layer,任意の ggplot2 レイヤー
Whole figure (type),図全体（種類）
Lines,線
Points,点
Error bars,エラーバー
Point and range,点と範囲
Bars,棒
Text,テキスト
Text in boxes,枠付きテキスト
Steps,階段
Area,面
Ribbon,帯
Segments,線分
Tiles,タイル
Box plots,箱ひげ図
Violins,バイオリン
Histogram,ヒストグラム
Density,密度
Jittered points,散らした点
Smoothed line,平滑線
Horizontal lines,水平線
Vertical lines,垂直線
Diagonal line,斜線
Text that avoids overlaps,重ならないテキスト
Figure,Figure
Its rows (R),その行（R）
PARAMCD,PARAMCD
Variable,変数
Flag,フラグ
Value (R),値（R）
Time variable,時間の変数
Unit,単位
Order by,並べる基準
"Values, in order",値（順に）
Their labels,そのラベル
Sort by,並べ替え
Descending,降順
New variable,新しい変数
Name,名前
Group,群
Confidence interval,信頼区間
"Interval (lo, hi)","区間（lo, hi）"
Fit,推定結果
Line width,線の太さ
Transparency,透明度
Shape,形
Size,大きさ
Stroke,線の太さ（マーク）
At y,y の位置
Text size,文字の大きさ
Height (share),高さ（割合）
X,X
Function,関数
Aesthetics,エステティクス（aes）
Settings (R),設定（R）
Arguments,引数
Y,Y
Colour by,色分け
Line type by,線種分け
Dodge,ずらす
Lower,下限
Upper,上限
Fill by,塗り分け
X end,X 終点
Y end,Y 終点
Outlier shape,外れ値の形
Bins,階級数
Method,方法
Band,帯を描く
Line type,線種
Colour,色
At x,x の位置
Intercept,切片
Slope,傾き
X label,X 軸ラベル
Y label,Y 軸ラベル
X min,X 最小
X axis text,X 軸の目盛り文字
Colours by,色を割り当てる変数
Dodge width,ずらし幅
Base font size,基本フォントサイズ
The dataset the figure starts from: `df`.,図の出発点になるデータセット（`df`）。
"Variables of another dataset (e.g. ADSL's treatment, ADRS's best response), one row a subject.",別のデータセットの変数（ADSL の投与群、ADRS の最良総合効果など）を、被験者ごとに結合します。
The rows of one (or more) PARAMCD.,指定した PARAMCD の行だけにします。
"The rows whose flag is ""Y"" (FASFL, SAFFL, ANL01FL ...).","フラグが ""Y"" の行だけにします（FASFL、SAFFL、ANL01FL など）。"
"Any condition, in R.",任意の条件を R で書きます。
"A new (or changed) variable, in R.",新しい変数（または変更）を R で書きます。
"A time in days, shown in weeks, months or years.",日単位の時間を、週・月・年で表示します。
"The order of groups or visits on the axis and in the legend: by another variable (AVISIT by AVISITN), or listed.",軸と凡例での群や来院の並び順：別の変数で（AVISIT を AVISITN で）、または列挙して。
"A row number after sorting, e.g. the bars of a waterfall.",並べ替えた後の行番号（Waterfall の棒など）。
What no step does: code that changes `df` (the datasets are there by their lower-case names).,ステップでできない加工：`df` を変えるコード（データセットは小文字名で使えます）。
"survfit2(Surv(time, censor == 0) ~ group).","survfit2(Surv(時間, 打ち切り == 0) ~ 群)。"
"n, mean, SD, SE and an interval (lo, hi) of a value, by group and visit.","群・来院ごとの n、平均、SD、SE と区間（lo, hi）。"
"Code that computes what the layers draw, from `df`.",レイヤーが描くものを `df` から計算するコード。
The Kaplan-Meier curves (ggsurvfit); the first layer.,Kaplan-Meier 曲線（ggsurvfit）。最初のレイヤーです。
The curves' confidence intervals.,曲線の信頼区間。
A mark where a subject is censored.,打ち切りの位置に付けるマーク。
"Labels right of the panel at reference lines, e.g. 20% and -30%.",参照線の右外に付けるラベル（20%、-30% など）。
"The number at risk below the curves, at the x axis's breaks.",曲線の下に、X 軸の目盛りごとのリスク集合数。
"The n of each group at each x, below the plot.",図の下に、各 x での群ごとの n。
"Any geom or stat by name, with its aesthetics and settings.",任意の geom / stat を名前で指定し、aes と設定を与えます。
Code that adds to the plot `p` (e.g. p <- p + annotate(...)).,図 `p` に追加するコード（例：p <- p + annotate(...)）。
A figure type not yet in parts: its script as tfl_fig_<type>() writes it; the other parts are then unused.,まだ部品化していない図の種類：tfl_fig_<type>() のスクリプトをそのまま使います（他の部品は使われません）。
Lines through the points of each group.,群ごとに点を結ぶ線。
"From ymin to ymax, e.g. the summary's lo and hi.",ymin から ymax まで（要約統計量の lo、hi など）。
A point with its interval.,点とその区間。
Bars of height y.,高さ y の棒。
A band from ymin to ymax.,ymin から ymax までの帯。
"Lines from (x, y) to (xend, yend), e.g. the bars of a swimmer plot.","(x, y) から (xend, yend) への線分（Swimmer プロットの棒など）。"
A heat map.,ヒートマップ。
A fitted line and its band.,当てはめた線とその帯。
"Reference lines, e.g. y = 0.5 (median), 0, or 20 and -30.",参照線（y = 0.5（中央値）、0、20 と -30 など）。
Labels pushed apart (ggrepel).,重ならないように離したラベル（ggrepel）。
The figure-wide settings.,図全体の設定。
"e.g. PARAMCD == ""BOR""","例：PARAMCD == ""BOR"""
"NAME = VAR renames, e.g. BOR = AVALC.",新名 = 変数 で改名（例：BOR = AVALC）。
e.g. AVISITN > 0 & !is.na(AVAL),例：AVISITN > 0 & !is.na(AVAL)
e.g. AVAL / 7,例：AVAL / 7
e.g. AVISITN,例：AVISITN
| between them,| で区切る
Empty = one curve,空欄 = 曲線 1 本
"Several: 20, -30","複数：20, -30"
"{y} = the value, e.g. {y}%",{y} = その値（例：{y}%）
"e.g. geom_area, stat_ecdf, ggrepel::geom_text_repel",例：geom_area、stat_ecdf、ggrepel::geom_text_repel
x = AVAL | y = CHG | colour = TRT01A,x = AVAL | y = CHG | colour = TRT01A
alpha = 0.3 | size = 2,alpha = 0.3 | size = 2
Empty = the colour,空欄 = 色分けと同じ
"Several: 1, 2","複数：1, 2"
"The variable the palette's colours go to (groups, responses).",パレットの色を割り当てる変数（群、効果など）。
KM curves + number at risk,KM 曲線 + リスク集合数
KM curves + confidence bands + number at risk,KM 曲線 + 信頼帯 + リスク集合数
One KM curve + number at risk,KM 曲線 1 本 + リスク集合数
Mean +/- SE by visit,来院ごとの平均 ± SE
Mean +/- SD by visit,来院ごとの平均 ± SD
Mean (95% CI) by visit,来院ごとの平均（95% CI）
Mean +/- SE by visit + n,来院ごとの平均 ± SE + n
"Waterfall, bars by best response",Waterfall（最良総合効果で色分け）
Waterfall,Waterfall
Data steps,データ加工
Figure settings,図全体の設定
Layers,レイヤー
"This figure's plot is written by hand (its data code, Reports tab). Start a design from a template: its data steps, statistics, settings and layers are filled at once, then each can be changed.",この図のプロットは手書きのコードです（帳票タブのデータコード）。テンプレートからデザインを開始すると、データ加工・統計量・設定・レイヤーが一括で入り、その後 1 つずつ変更できます。
Choose a piece on the left to change it on the right; the figure is redrawn as its program will save it. Empty = the default (shown grey).,左で項目を選び、右で変更します。プログラムが保存するのと同じ図が再描画されます。空欄 = デフォルト（灰色で表示）。
Template,テンプレート
Empty design,空のデザイン
the template's default,テンプレートのデフォルト
Edit,編集
Up,上へ
Down,下へ
"Title, axes, colours, legend, size",タイトル・軸・色・凡例・サイズ
(none),（なし）
Figure title,図のタイトル
From a template,テンプレートから
From a company preset,会社のプリセットから
Preset,プリセット
"A preset is a design kept with the company standards (Save as preset, on a designed figure). It is copied as it is; change its dataset and parameter after.",プリセットは会社標準として保存したデザインです（設計済みの図で「プリセットとして保存」）。そのままコピーされるので、データセットやパラメータは後で変更してください。
Save as preset,プリセットとして保存
"Kept with the company standards (standards/figure-presets), for every study of this home.",会社標準（standards/figure-presets）に保存され、このホームの全試験で使えます。
Preset saved: %s,プリセットを保存しました：%s
Hide,閉じる
Advice,アドバイス
Apply,適用
info,参考
warning,注意
A KM figure usually shows the number at risk below the curves.,KM 図では通常、曲線の下にリスク集合数を表示します。
KM curves usually mark where subjects are censored.,KM 曲線では通常、打ち切りの位置にマークを付けます。
"Set X max and X step, so the breaks (and the number at risk's columns) fall on round times.",X 最大と X 間隔を設定すると、目盛り（とリスク集合数の列）がきりのよい時点に揃います。
The time is in days; a KM axis is usually in months (or weeks).,時間が日単位です。KM 図の軸は通常、月（または週）にします。
"%d groups, but the palette has %d colours: some groups get none.",群が %d ありますが、パレットの色は %d 色です。色が付かない群が出ます。
The palette has no colour for %s (drawn grey).,パレットに %s の色がありません（灰色で描かれます）。
%d groups: a legend inside the panel may cover the data; below is usual.,群が %d あります。パネル内の凡例はデータに重なることがあるので、通常は下に置きます。
"%d groups are coloured, but there is no legend.",%d 群を色分けしていますが、凡例がありません。
"Layers colour by %s, but the figure's 'Colours by' is empty: the palette is not applied.",レイヤーは %s で色分けしていますが、図全体の「色を割り当てる変数」が空です。パレットが適用されません。
A mean-over-time figure usually shows the n of each group at each visit below it.,平均推移の図では通常、来院ごとの各群の n を下に表示します。
%s is text: without an order its visits sort alphabetically. Order it by its number.,%s は文字列です。並び順を決めないと来院がアルファベット順になります。番号で並べてください。
A waterfall usually marks +20% (progression) and -30% (response).,Waterfall では通常、+20%（進行）と -30%（奏効）の線を引きます。
The bars' numbers on the x axis say nothing; they are usually hidden.,X 軸の棒の番号は意味がないので、通常は非表示にします。
No layer: nothing is drawn.,レイヤーがありません。何も描かれません。
No dataset is read.,データセットを読んでいません。
"No analysis set: every row of the dataset is used. Keep the analysis set's flag (FASFL, SAFFL ...).",解析対象集団を指定していないので、データセットの全行が使われます。フラグ（FASFL、SAFFL など）で絞ってください。
The figure is taller than wide; a landscape page usually wants the reverse.,図が縦長です。横向きのページでは通常、横長にします。
Nominal time,名目時間
Counted as response,奏効とする反応
Duration (days),期間（日）
"This type is not yet in parts: the design is its whole script, with the type's arguments to edit.",この種類はまだ部品化していません。デザインはスクリプト全体で、種類の引数を編集します。
Whole figure,図全体
Copy to other parameters,他のパラメータへ複製
The design has no 'Keep a parameter' step to change.,このデザインには変更できる「パラメータで絞る」がありません。
Parameters (one figure each),パラメータ（1 つにつき 1 図）
"New IDs: {id} = this figure's ID, {param} = the parameter",新しい ID：{id} = この図の ID、{param} = パラメータ
Each new figure copies this one's layout and design; only its parameter differs.,新しい図は、この図の帳票レイアウトとデザインを複製し、パラメータだけが変わります。
Made %d figure(s): %s,%d 件の図を作成しました：%s
Swimmer: bars + ongoing arrows,Swimmer：棒 + 継続中の矢印
Swimmer: bars by best response + ongoing arrows,Swimmer：最良総合効果で色分け + 継続中の矢印
Swimmer: bars by best response + response at each assessment,Swimmer：最良総合効果で色分け + 各評価時点の反応
"Swimmer: bars, assessments, event markers, ongoing arrows",Swimmer：棒・評価・イベントマーク・継続中の矢印
"Spider: % change in tumour size per subject, by best response",Spider：被験者ごとの腫瘍径変化率（最良総合効果で色分け）
Response rate by group with 95% CI,群ごとの奏効率と 95% CI
100% stacked bars of a category by group,群ごとのカテゴリ 100% 積み上げ棒
"Percent per category, groups side by side",カテゴリごとの割合（群を並べて）
Spaghetti: one line per subject + group means,Spaghetti：被験者ごとの線 + 群の平均
Box plots by visit and group + mean marker,来院・群ごとの箱ひげ図 + 平均マーク
Box plot per group at one visit + points + mean marker,1 来院の群ごとの箱ひげ図 + 点 + 平均マーク
Box plots of change from baseline by visit + zero line,来院ごとのベースラインからの変化の箱ひげ図 + ゼロ線
Baseline vs post-baseline at one visit + identity line,ベースライン vs ベースライン後（1 来院）+ 対角線
Two variables with a linear fit per group,2 変数の散布図と群ごとの回帰直線
PK: mean +/- SD concentration by nominal time,PK：名目時間ごとの平均 ± SD 濃度
"PK: mean +/- SD concentration, log axis",PK：平均 ± SD 濃度（対数軸）
"PK: individual profiles, log axis, one panel per group",PK：個別推移（対数軸、群ごとのパネル）
Summary by group,群ごとの要約
Rate with 95% CI,率と 95% CI
Counts and percents,件数と割合
Another dataset (as an object),別のデータセット（オブジェクトとして）
Lower bound only above 0,下限は 0 より大きい場合のみ
For a log axis: lo is left blank where it would be <= 0.,対数軸用：lo が 0 以下になる場合は空にします。
"n, mean, SD, SE and an interval of a value by group only (one row a group): a mean marker per box ...",群ごとだけの n、平均、SD、SE と区間（1 群 1 行）：箱ごとの平均マークなど。
"Responders / n by group with the exact binomial interval: rate, lcl, ucl (%), and a label 'rate (x/n)'.",群ごとの奏効数 / n と正確二項信頼区間：rate、lcl、ucl（%）と「率 (x/n)」のラベル。
"n and % of each category within each group: n, pct, and a label 'pct%'.",群内のカテゴリごとの n と %：n、pct と「pct%」のラベル。
"Rows of another dataset (or of `df`), by name, for layers that draw them: the assessments of a swimmer plot, the ongoing subjects ...",別のデータセット（または `df`）の行を名前付きで保持し、レイヤーが描けるようにします：Swimmer の評価時点、継続中の被験者など。
"Categories, in order",カテゴリ（順に）
| between them; others follow,| で区切る。他は後ろに続く
or df,または df
Variables taken from df,df から取る変数
"Joined by the key: the y position of its subject, a colour ...",キーで結合：被験者の y 位置、色など。
Key,キー
Log X axis,X 軸を対数に
Log Y axis,Y 軸を対数に
Equal X and Y scales,X と Y を同じ尺度に
"The same range on both axes, e.g. baseline vs post-baseline; needs X and Y min / max.",両軸を同じ範囲にします（ベースライン vs ベースライン後など）。X と Y の最小・最大が必要です。
One panel per,パネル分け
A variable: one panel for each of its values.,変数：その値ごとに 1 パネル。
Position (R),位置（R）
stack / fill / position_dodge(width = 0.75); empty = as is,stack / fill / position_dodge(width = 0.75)。空欄 = そのまま
e.g. position_dodge(width = 0.8),例：position_dodge(width = 0.8)
"e.g. position_stack(vjust = 0.5), position_dodge(width = 0.75)",例：position_stack(vjust = 0.5)、position_dodge(width = 0.75)
Outline colour,枠線の色
Vertical adjust,縦位置の調整
e.g. -0.3 = just above,例：-0.3 = すぐ上
Arrow (R),矢印（R）
"e.g. arrow(length = unit(2, 'mm'))","例：arrow(length = unit(2, 'mm'))"
Drop missing silently,欠測を黙って除く
"For dodging without a colour, e.g. a mean marker per group",色分けなしでずらすため（群ごとの平均マークなど）
Other,その他
Show,表示
Checks and advice,チェックとアドバイス
Code of this piece,この部品のコード
What this piece writes into the program; it follows every change.,この部品がプログラムに書き出すコードです。変更するとすぐ更新されます。
Tables,Tables
Listings,Listings
Figures,Figures
Definition,定義
Builder (beta),ビルダー（試作）
Choose a Listing report in the sidebar.,サイドバーで Listing の帳票を選んでください。
This is a Table: its definition and builder are on the Tables tab.,これは表です。定義とビルダーは「表」タブにあります。
This is a Figure: it is designed on the Figures tab.,これは図です。「図」タブで設計します。
Written by hand,手書きの図
"This figure's plot is its data code (Reports tab), written with ggplot2: it leaves `plot`. Its program reads these datasets first.",この図のプロットは帳票タブのデータコード（ggplot2 で書き、`plot` を残す）です。プログラムは先にこれらのデータセットを読みます。
This tab designs figures: choose a Figure report in the sidebar.,このタブは図を設計します。サイドバーで図の帳票を選んでください。
"This figure's plot is written by hand (its data code, Reports tab). To design it here instead, start a design from a template: its data steps, statistics, settings and layers are filled at once, then each can be changed.",この図のプロットは手書きのコードです（帳票タブのデータコード）。ここで設計するには、テンプレートからデザインを開始してください。データ加工・統計量・設定・レイヤーが一括で入り、その後 1 つずつ変更できます。
Redraw on change,変更したら再描画
The design has changed since this drawing: press Redraw.,この図のあとでデザインを変更しました。「再描画」を押してください。
"Saved as %s x %s %s, %s dpi (shown at screen resolution)",保存：%s x %s %s、%s dpi（画面用の解像度で表示）
This change could not be taken in; the grid shows the definition as it was.,この変更は取り込めませんでした。表は変更前の定義に戻しています。
Give the study an ID.,試験 ID を入力してください。
"Use letters, digits, '.', '_' or '-' only (e.g. ABC-101).",使えるのは英字・数字・「.」「_」「-」だけです（例: ABC-101）。
A study with this ID is already registered.,この ID の試験はすでに登録されています。
Changes that were not saved,保存されていない変更
Discard,捨てる
Take them back,戻す
"The last time this study was open, some changes were not saved. Take them back (they are not saved until you save), or discard them?",前回この試験を開いていたとき、保存されていない変更がありました。戻しますか（戻しても、保存するまでは保存されません）、それとも捨てますか？
Not in this report's ARD: add %s to its analysis on the ARD tab.,この帳票の ARD にありません。ARD タブで、この分析に %s を足してください。
(the ARD has no %s),（ARD に %s がありません）
"Greyed statistics are not in this report's ARD: add them to its analysis on the ARD tab, then read the ARD again.",グレーの統計量は、この帳票の ARD にありません。ARD タブでこの分析に足してから、ARD を読み直してください。
Time shown in (the data's time is in days),表示する時間の単位（データの時間は日数として読みます）
The builder could not read the form: %s,Builder がフォームを読めませんでした: %s
"Preview (on this report's ARD) puts one report into the working study ARD and keeps no log. The official run of the whole study ARD, with its logs (logrx), is on the Results tab. Choose a row to see its log in the latest official run.",プレビュー（この帳票の ARD）は、1 つの帳票を作業用の試験 ARD に入れ、ログは残しません。試験 ARD 全体の正式実行（ログ logrx 付き）は結果タブにあります。行を選ぶと、最新の正式実行でのログを表示します。
ARD (this report),この帳票の ARD
"Saves, runs this report's ARD program into the study ARD, and reads it for the table builder and the fills.",保存し、この帳票の ARD プログラムを実行して試験 ARD に入れ、表ビルダーと入力支援のために読み取ります。
"Makes this report's ARD (as the ARD tab's Preview), runs 1 and 2 from the study folder and reads the variables, levels and statistics for input assistance.",この帳票の ARD を作り（ARD タブのプレビューと同じ）、試験フォルダから 1 と 2 を実行して、入力支援のために変数・水準・統計量を読み取ります。
Preview this table's ARD,この表の ARD をプレビュー
not made yet,未作成
outdated: the ARD definition has changed since it was made,古い：作成後に ARD の定義が変わりました
error: its program failed (ARD tab > Study ARD),エラー：プログラムが失敗しました（ARD タブ > 試験 ARD）
"made %s: %d keys, %d variables, statistics %s",作成 %s：キー %d、変数 %d、統計量 %s
Preview of %s,%s のプレビュー
running its ARD program,ARD プログラムを実行中
reading it,読み取り中
The ARD program failed: see what it printed on the ARD tab (Study ARD).,ARD プログラムが失敗しました。ARD タブ（試験 ARD）で出力を見てください。
%s is in the study ARD; add it on the Reports tab to make its table.,%s は試験 ARD に入りました。表を作るには、帳票タブで帳票として追加してください。
"Preview of %s: %d keys, %d variables",%s のプレビュー：キー %d、変数 %d
Preview to see the ARD this report's analyses make.,プレビューすると、この帳票の解析が作る ARD が表示されます。
This table has no ARD yet: the builder is built from it.,この表にはまだ ARD がありません。ビルダーは ARD から作られます。
No data to show yet: Preview this table's ARD.,表示するデータがまだありません。この表の ARD をプレビューしてください。
Preview this table's ARD first.,先にこの表の ARD をプレビューしてください。
Start the table from the data (writes its ARD definition and opens the builder),データから表を始める（ARD の定義を書き、ビルダーを開きます）
"No data files yet: put them on the Data tab (data/adam), then add the table.",データファイルがまだありません。データタブで置いて（data/adam）から、表を追加してください。
numbers,数値
counts,度数
"Analysis set (its flag = ""Y"")","解析対象集団（フラグ = ""Y""）"
Group (the columns),群（列）
"Variables (the rows, in order)",変数（行、この順）
"Numbers get summary statistics; the others, counts and percents. Everything can be changed afterwards (builder, ARD tab).",数値は要約統計量、それ以外は度数と割合になります。あとからすべて変えられます（ビルダー、ARD タブ）。
Choose the data,データを選んでください
In the data catalog now: %s,データカタログに入りました: %s
%s: analyses of no report yet. Add the report on the Reports tab to make its table.,%s: まだ帳票の無い解析です。表を作るには、帳票タブで帳票を追加してください。
"Check this order: the data do not give one (no factor, no numeric twin such as TRT01AN), so it is the ARD's.",この順を確認してください。データに順の手がかり（因子、TRT01AN のような数値の対応列）が無いため、ARD の順になっています。
1/3 saving the study,1/3 試験を保存しています
"2/3 making its ARD (%d analyses, in its own R process)",2/3 ARD を作っています（%d 分析、別の R プロセス）
3/3 reading it for the builder,3/3 ビルダーのために読み取っています
Made,作成済み
Outdated,古い
Not made,未作成
company template,会社のテンプレート
Outdated: the ARD definition has changed since it was made,古い：作成後に ARD の定義が変わりました
Error: its program failed (ARD tab > Study ARD),エラー：プログラムが失敗しました（ARD タブ > 試験 ARD）
"Made %s: %d keys, %d variables, statistics %s",作成済み %s：キー %d、変数 %d、統計量 %s
"A folder %s is already there: choose another ID, or register that folder (Studies > Register a folder).",フォルダ %s がすでにあります。別の ID にするか、そのフォルダを登録してください（試験 >「フォルダを登録」）。
Choose a report in the sidebar and add a row to its analyses: a click on a row shows it here as a form.,サイドバーで帳票を選び、解析の行を足してください。グリッドの行をクリックすると、ここにフォームで表示します。
New analysis,新しい解析
%s is not a report yet: add it on the Reports tab to make its table.,%s はまだ帳票ではありません。表を作るには、帳票タブで追加してください。
Analysis %s of %s. A click on another row of the grid edits that one.,%2$s の解析 %1$s。グリッドの別の行をクリックすると、その行を編集します。
Analysis ID,解析 ID
What to compute,計算するもの
(the analysis set's),（解析対象集団のデータ）
Analysis set,解析対象集団
Subset (an R condition),部分集団（R の条件式）
Groups (the columns),群（列）
Variables (the rows),変数（行）
The data of this analysis cannot be read (no file in the data catalog): the choices are the row's own.,この解析のデータを読めません（データカタログにファイルがありません）。候補は行にある値だけです。
Give the analysis an ID.,解析 ID を入れてください。
%s already has an analysis %s.,%s にはすでに解析 %s があります。
The subset is not an R condition: %s,部分集団が R の条件式になっていません: %s
%s: written,%s: 書き込みました
Table (builder),表（ビルダー）
Details (sheets),詳細（シート）
Updating ...,更新しています…
This table has a hierarchy (SOC / PT): the builder handles summary tables for now. Edit it in Details (sheets); the preview works.,この表は階層（SOC / PT）を持ちます。ビルダーは今のところ要約表だけです。詳細（シート）で編集してください。プレビューは使えます。
"Drag to order, type to rename; every change is written to the sheets (Details) and shown on the right.",ドラッグで並べ替え、入力で名前を変えられます。変更はすべてシート（詳細）に書かれ、右に表示されます。
%s has changes that are not saved,%s に保存していない変更があります
"Save them and open %s, or open it without saving them (they are kept as a draft: opening %s again offers them back).",保存して %s を開くか、保存せずに開いてください（変更は下書きとして残り、%s をもう一度開くと戻せます）。
Open without saving,保存せずに開く
Save and open,保存して開く
Add the company's study defaults (only what is missing),会社標準の既定を入れる（無い項目だけ）
"For a study made without them: the table look (stub, blank rows, column headers, widths), headers and footers, analysis sets and data catalog. Nothing already there is changed.",既定なしで作られた試験のために: 表の見た目（見出し列、空行、列見出し、幅）、ヘッダー・フッター、解析対象集団、データカタログ。すでにあるものは変えません。
The study has every company default already.,会社標準の既定はすべて入っています。
Added the company's defaults: %s (save to keep them),会社標準の既定を入れました: %s（保存すると残ります）
the method's default (below),メソッドの既定（下）
Blank = the method's default (%d):,空欄 = メソッドの既定（%d 個）:
Start from these,これから始める
Blank = every result the method gives.,空欄 = メソッドが出す結果すべて。
needs data this study has not got,この試験に無いデータが要ります
choose the data,データを選んでください
The template's choices could not be made from the data: %s,データからテンプレートの選択肢を作れませんでした: %s
"A new figure: choose a template -- those this study's data cannot draw are greyed, with the data they need -- and start the design. To write the plot with ggplot2 instead, open Advanced below.",新しい図です。テンプレートを選んでデザインを始めてください（この試験のデータで描けないものは、要るデータとともに灰色で出ます）。ggplot2 で手書きする場合は、下の「上級」を開いてください。
Advanced: write the plot by hand (ggplot2),上級: 図を手で書く（ggplot2）
Start the listing from the data (writes its columns and shows it),データからListingを始める（列を書き、プレビューします）
"No data files yet: put them on the Data tab (data/adam), then add the listing.",データファイルがまだありません。データタブで置いて（data/adam）から、Listingを追加してください。
Group (ordered by first; optional),群（最初に並べる、任意）
Columns (in order),列（この順）
"Each column is headed by the data's label; the order is the group, the subject and the start date. Everything can be changed afterwards on the Listings tab.",各列の見出しはデータのラベルです。並べ順は群・被験者・開始日です。あとからListingタブですべて変えられます。
"The listing has no columns yet: add them to the table of columns (below the form), or add the listing again with 'Start the listing from the data'.",Listingにまだ列がありません。フォームの下の列の表に足すか、「データからListingを始める」で追加し直してください。
e.g.,例:
The ARD has no subjects per %s: a header's (N=n) prints NA.,ARD に %s ごとの被験者数がありません。見出しの (N=n) は NA になります。
Count them (then Preview),数える（そしてプレビュー）
All reports,帳票の一覧
Content,内容 (content)
Page,ページ
"The page of the report chosen in the sidebar: its titles, footnotes and its own header or footer. Study defaults = every report's.",サイドバーで選んだ帳票のページ: タイトル、脚注、その帳票だけのヘッダー・フッター。試験の既定 = すべての帳票のもの。
When,日時
Why,理由
First page (sample),1 ページ目（見本）
(the table),（表）
(the figure: see its Content),（図: 内容のタブで）
(the listing: see its Content),（Listing: 内容のタブで）
Report,帳票
"Rows for every report (ARD, Page)",すべての帳票の行（ARD・ページ）
Getting started,はじめに
"tflplanner makes a study's tables, listings and figures: the data, the analyses (ARD), each report's definition, and the programs that make the RTFs.",tflplanner は試験のTable・Listing・Figureを作ります: データ、解析（ARD）、帳票ごとの定義、そして RTF を作るプログラム。
Try the sample study (about 1 minute)...,サンプル試験で試す（約 1 分）…
New study...,新規試験…
Register a study folder,既存の試験フォルダを登録する
"The sample uses the CDISC pilot data: it makes its ARD, 5 tables, a listing and 2 figures, to look at and change.",サンプルは CDISC pilot のデータで、ARD・Table 5 本・Listing 1 本・Figure 2 本を作ります。見て、変えてみてください。
Start from,始め方
Details (optional),詳細（任意）
Where the study folder goes,試験フォルダの置き場所
Reports are made in this order (the official run too). Copy makes a new report with all of this one's definition.,帳票はこの順に作られます（正式実行も）。コピーは、この帳票の定義を全部持った新しい帳票を作ります。
"1. Data code: usually blank (the company's standard code is used). Write code here to make the data yourself; for a figure, the plot.",1. データのコード: ふつうは空でよい（会社標準のコードを使います）。自分でデータを作るときに書きます。図では、プロットのコードです。
2. Rework: usually blank (the standard one). Write code to change the data before the table is made.,2. 加工: ふつうは空でよい（標準の加工）。表を作る前にデータを変えるときに書きます。
Next steps,次の一歩
Close,閉じる
"Open %s: its Content builds the table in words, with the table as it will print beside it.",%s を開く: 「内容」で表を言葉で組み立て、右にでき上がりが出ます。
Open it,開く
ARD: where the numbers come from (cards / cardx). A click on a row shows the analysis as a form.,ARD: 表の数字の元（cards / cardx）。行をクリックすると、解析がフォームで出ます。
Go to ARD,ARD へ
Runs: preview every report and open its RTF.,実行: 全部の帳票をプレビューし、RTF を開きます。
Go to Runs,実行へ
Reading the ARD of %s for the builder,%s の ARD をビルダーのために読んでいます
Table,Table
Full size,原寸で見る
The language is changed: the page reloads to show it.,言語を変えました。画面を読み込み直すと切り替わります。
Reload now,今すぐ読み込み直す
"The sample study: CDISC pilot data (pharmaverseadam), its ARD, 5 tables, a listing and 2 figures.",サンプル試験: CDISC パイロットデータ（pharmaverseadam）で、ARD・Table 5 本・Listing 1 本・Figure 2 本。
method:continuous,要約統計量
method:categorical,度数と割合
method:dichotomous,ある水準の度数
method:missing,欠測の数
method:hierarchical,階層の被験者数（SOC / PT など）
method:max,被験者ごとの最悪の水準
method:subjects,記録のある被験者数
method:total_n,被験者数
method:proportion_ci,割合と信頼区間
method:mean_ci,平均と信頼区間
method:ttest,t 検定
method:wilcox,Wilcoxon 順位和検定
method:chisq,カイ二乗検定
method:fisher,Fisher の正確検定
method:custom,独自の R コード
method-note:continuous,数値の変数の要約統計量
method-note:categorical,各水準の度数と割合
method-note:dichotomous,"ある 1 つの水準の度数（args: value = list(VAR = ""Y"")）"
method-note:missing,欠測と非欠測の数
method-note:hierarchical,入れ子の被験者数。外側の変数を先に（SOC | PT）
method-note:max,被験者ごとの最悪の水準。variables = 等級の変数
method-note:subjects,データ（where の後）に記録のある被験者数。variables = その数の名前
method-note:total_n,被験者数
method-note:proportion_ci,"割合の信頼区間（args: method = ""wilson"" …）。statistics で estimate, conf.low, conf.high のどれを残すか"
method-note:mean_ci,"平均の信頼区間（args: conf.level = 0.9 …）。statistics で estimate, conf.low, conf.high のどれを残すか"
method-note:ttest,by の 2 群の t 検定
method-note:wilcox,by の 2 群の Wilcoxon 順位和検定
method-note:chisq,と by のカイ二乗検定 (variables)
method-note:fisher,と by の Fisher の正確検定 (variables)
method-note:custom,code に書いた任意の R コード。data と population が使えます
"A listing: its data (a dataset of the catalog, a condition, an order) and its columns. Code on the Code tab, if any, changes the data after the condition.",Listingを定義します：データ（カタログのデータセット・条件・並び順）と列。コードのタブにコードがあれば、条件の後にデータを加工します。
Done. Restart R (in RStudio: Session > Restart R) before using tflplanner again.,完了しました。tflplanner を使う前に R を再起動してください（RStudio では Session > Restart R）。
Install from %s:,%s から入れます:
"R was not found. Install R, then try again.",R が見つかりません。R をインストールしてから、もう一度試してください。
Start tflplanner in the browser,tflplanner をブラウザで起動します
The update did not finish; see the messages above.,更新は完了しませんでした。上のメッセージを見てください。
There is no tflplanner shortcut to remove.,削除する tflplanner のショートカットはありません。
"To pin tflplanner to the taskbar: right-click it in the Start menu and choose ""Pin to taskbar"" (Windows does not let a program do it).",タスクバーにピン留めするには、スタートメニューの tflplanner を右クリックして「タスクバーにピン留めする」を選んでください（プログラムからはピン留めできない決まりです）。
Update and launch,更新して起動
Update on the %s channel:,%s の版に更新します:
"Update tflplanner, then start it",tflplanner を更新してから起動します
tflplanner (update and launch),tflplanner（更新して起動）
tflplanner is starting at,tflplanner を起動しています:
tflplanner will remove:,次のものを削除します:
1/3  Where tflplanner keeps its settings and the studies' saved state (its home),1/3  tflplanner の設定と試験の保存内容を置く場所（home）
2/3  Packages,2/3  パッケージ
3/3  A shortcut that starts tflplanner with a double click,3/3  ダブルクリックで tflplanner を起動するショートカット
"Done. Start tflplanner from its shortcut, or with launch_app() in R. Everything else is in the app's settings.",完了しました。ショートカットか、R の launch_app() で tflplanner を起動してください。ほかの設定はアプリの設定画面で行えます。
Home folder,home のフォルダー
Language of the app,アプリの言語
Nothing was changed.,何も変更していません。
The packages tflplanner's programs use are all installed.,tflplanner のプログラムが使うパッケージはすべて入っています。
"To update tflplanner, rtfreporter and tflspec later: update_tflplanner(), or the ""update and launch"" shortcut.",あとで tflplanner・rtfreporter・tflspec を更新するには: update_tflplanner()、またはショートカット「更新して起動」。
"Used by tflplanner's programs, not installed yet:",tflplanner のプログラムが使う、まだ入っていないパッケージ:
"tflplanner setup, in 3 steps. Press Enter to keep the value shown in [ ].",tflplanner のセットアップ（3 段階）。[ ] の値のままでよければ Enter を押してください。
A newer version is out:,新しい版があります:
"To update: close tflplanner and start it from the ""update and launch"" shortcut, or run update_tflplanner() in R.",更新するには、tflplanner を閉じてショートカット「更新して起動」から起動するか、R で update_tflplanner() を実行してください。
Look for a newer version when tflplanner starts,起動時に新しい版を確認する
"Updates (%s channel) are installed from R, not from the app: update_tflplanner(), or the ""update and launch"" shortcut.",更新（%s の版）はアプリではなく R から行います: update_tflplanner()、またはショートカット「更新して起動」。
Repeated within (strata),層（この中で繰り返す）
Percentages of (denominator),% の分母
the method's default,メソッドの既定
the analysis set,解析対象集団
within a row,行の中で
within a column,列の中で
of the whole table,表全体
A tflspec workbook: one sheet per grain. Sheets whose name starts with _ are not read (notes). Each column is described on its header cell's comment and by tfl_spec_columns().,tflspec のワークブック。1 シート = 1 つの単位。名前が _ で始まるシートは読まれない（メモ用）。各列の説明は見出しセルのコメントと tfl_spec_columns() にある。
The report a row belongs to. Blank: a study-wide default; a row naming a report replaces the default row with the same key (ARD analyses: the report the analysis serves).,その行が属する帳票。空欄 = 試験全体のデフォルト。帳票名を書いた行は、同じキーのデフォルト行を置き換える（ARD の analyses では、その解析が使われる帳票）。
"A column for people, on any sheet; never read. Any other column a sheet does not read is an error (a mistyped header).",人のためのメモ列。どのシートにも置けて、読まれない。それ以外の、シートが読まない列はエラー（見出しの打ち間違い防止）。
Several values in one cell: | between them.,1 セルに複数書くときは | で区切る。
"In titles, footnotes, header and footer cells: {PAGE} {TOTAL_PAGES} {AUTO_PAGE} {AUTO_TOTAL_PAGES} (page numbers), {PROGRAM} {PROGRAM_NAME} {PROGRAM_DIR} (the program), {DATETIME} {DATETIME:%Y-%m-%d} (the run).",タイトル・脚注・ヘッダー・フッターのセルで使える差し込み記号：{PAGE} {TOTAL_PAGES} {AUTO_PAGE} {AUTO_TOTAL_PAGES}（ページ番号）、{PROGRAM} {PROGRAM_NAME} {PROGRAM_DIR}（プログラム）、{DATETIME} {DATETIME:%Y-%m-%d}（実行日時）。
"What is one for the whole study: one row a key. Table / report keys: rounding, output_path, program_dir. ARD keys: id, output, source. No output_id.",試験で 1 つに決まる事実。1 行 = 1 キー。表・帳票のキー：rounding、output_path、program_dir。ARD のキー：id、output、source。output_id は無い。
"The fact: rounding (r: round half to even; sas: round half away from zero; blank: options(rtfreporter.rounding)); output_path (the folder of the RTF files); program_dir (the folder of the programs, for {PROGRAM}); ARD: id (the subject key; default USUBJID), output (the study ARD's file; default output/ard/ard.rds), source (R files of the study's own analysis functions, relative to the study folder, | between them).",項目：rounding（r = 偶数丸め、sas = 四捨五入、空欄 = options(rtfreporter.rounding)）、output_path（RTF の出力フォルダ）、program_dir（プログラムのフォルダ。{PROGRAM} に使う）。ARD：id（被験者キー。既定 USUBJID）、output（試験 ARD のファイル。既定 output/ard/ard.rds）、source（試験独自の解析関数の R ファイル。試験フォルダからの相対パス、| 区切り）。
"Its value, as text.",その値（文字）。
key / value: spec_version (a workbook of a newer version is refused by an older tflspec).,key / value：spec_version（新しい版のワークブックを古い tflspec で読むとエラー）。
spec_version.,spec_version。
A whole number.,整数。
"ARD: the study's data, one row a dataset.",ARD：試験のデータ。1 行 = 1 データセット。
"A name for the data, used by populations and analyses (and the object's name in the program, in lower case).",データの名前。populations と analyses から使う（プログラムでは小文字にしたオブジェクト名）。
SDTM or ADaM (for people and ARS; not read by the program).,SDTM か ADaM（人と ARS のため。プログラムは読まない）。
"Its file, relative to the study folder; the reader follows the extension: .rds, .xpt, .sas7bdat, .csv, .parquet.",ファイル（試験フォルダからの相対パス）。拡張子で読み方が決まる：.rds、.xpt、.sas7bdat、.csv、.parquet。
"New columns, NAME = R expression, | between them (transform()); blank: none.",新しい列。NAME = R の式 を | 区切りで（transform()）。空欄 = なし。
"ARD: the analysis sets, one row a population.",ARD：解析対象集団。1 行 = 1 集団。
"The population's name, used by analyses.",集団の名前。analyses から使う。
The dataset its subjects come from.,被験者を取るデータセット。
An R condition on that dataset choosing the subjects; blank: every row.,そのデータセットで被験者を選ぶ R の条件。空欄 = すべての行。
"Columns added to the population, NAME = R expression, | between them; blank: none.",集団に足す列。NAME = R の式 を | 区切りで。空欄 = なし。
"ARD: one analysis a row; each becomes one cards / cardx call in the ARD program, its result tagged with output_id, analysis_id and population_id.",ARD：1 行 = 1 解析。ARD プログラムの cards / cardx の呼び出し 1 つになり、結果に output_id・analysis_id・population_id が付く。
The analysis's id within its report; an ARD column.,帳票の中での解析の ID。ARD の列になる。
A name a person reads (for ARS and the GUI); blank: none.,人が読む名前（ARS と GUI 用）。空欄 = なし。
"What is computed: a keyword of tfl_ard_methods() (continuous, categorical, hierarchical ...), any pkg::function (cards::, cardx::), or a function of the study's own that the study key source loads.",何を計算するか：tfl_ard_methods() のキーワード（continuous、categorical、hierarchical など）、任意の pkg::function（cards::、cardx::）、または study のキー source が読み込む試験独自の関数。
The data analysed; blank: the population's own dataset.,解析するデータ。空欄 = 集団のデータセット。
The analysis set: the data is restricted to its subjects; blank: no restriction (population is NULL).,解析対象集団：データをその被験者に絞る。空欄 = 絞らない（population は NULL）。
"An R condition on the data, applied after the population; blank: every row.",データに対する R の条件。集団で絞った後に効く。空欄 = すべての行。
"Grouping variables (cards' by), | between them; blank: none.",群の変数（cards の by）。| 区切り。空欄 = なし。
"Variables the analysis is repeated within (cards' strata: a subgroup, a parameter by visit), | between them; blank: none.",この中で解析を繰り返す変数（cards の strata：部分集団、検査項目×時点など）。| 区切り。空欄 = なし。
"The variables analysed (cards' variables), | between them.",解析する変数（cards の variables）。| 区切り。
"For continuous / categorical / missing: the statistics computed, in order (tfl_ard_statistics()); for other methods: the statistics kept of what the method gives; | between them; blank: the method's default.",continuous / categorical / missing では計算する統計量（この順。tfl_ard_statistics()）、ほかの method では結果のうち残す統計量。| 区切り。空欄 = method の既定。
"What percentages are of: population (the analysis set; hierarchical and max take it anyway), row / column / cell (cards), another population, or a dataset (its records of the analysis set's subjects); blank: the method's default.",% の分母：population（解析対象集団。hierarchical と max は指定しなくてもこれ）、row / column / cell（cards）、別の集団、またはデータセット（その中の、解析対象集団の被験者の行）。空欄 = method の既定。
"Display formats, statistic=format, | between them; VAR:statistic=format for one variable. xx.x = one decimal (the x's count only after the point), xx.x% = a proportion as a percent, a number = decimals, pvalue = <0.001 or 3 decimals; blank: the statistic's default.",表示書式。統計量=書式 を | 区切りで。変数ごとは VAR:統計量=書式。xx.x = 小数 1 桁（小数点より後の x の数だけが効く）、xx.x% = 割合を % で、数字 = 小数の桁数、pvalue = <0.001 か小数 3 桁。空欄 = 統計量の既定。
"More arguments of the call, as R (data and population are bound), in any order; refused if not R. An argument a column gives (by, variables, strata, denominator, statistic) may not be given here too; blank: none.",呼び出しに足す引数（R で書く。data と population が使える）。順序は自由。R として読めなければエラー。列で書ける引数（by、variables、strata、denominator、statistic）はここに重ねて書けない。空欄 = なし。
method = custom only: the R code that gives the ARD (data and population are bound).,method = custom のときだけ：ARD を返す R のコード（data と population が使える）。
For CDISC ARS (tfl_ars()): PRIMARY / SECONDARY / EXPLORATORY OUTCOME MEASURE; blank: tfl_ars(purpose = ).,CDISC ARS 用（tfl_ars()）：PRIMARY / SECONDARY / EXPLORATORY OUTCOME MEASURE。空欄 = tfl_ars(purpose = )。
For CDISC ARS: SPECIFIED IN PROTOCOL / SPECIFIED IN SAP / DATA DRIVEN / REQUESTED BY REGULATORY AGENCY; blank: SPECIFIED IN SAP.,CDISC ARS 用：SPECIFIED IN PROTOCOL / SPECIFIED IN SAP / DATA DRIVEN / REQUESTED BY REGULATORY AGENCY。空欄 = SPECIFIED IN SAP。
Table: one row a report. Its roles (table_plan()) and the table-wide options; a verb written in code afterwards wins.,表：1 行 = 1 帳票。役割（table_plan()）と表全体のオプション。後からコードで書いた verb が勝つ。
"The key spread across the columns, outermost first, | between them (table_plan(cols = )).",横に展開するキー。外側から順に | 区切りで（table_plan(cols = )）。
"The keys down the rows (table_plan(rows = )); name = column renames, a quoted value is a constant heading; | between them.",縦のキー（table_plan(rows = )）。name = 列名 で名前を付け替え、引用符で囲んだ値は固定の見出し。| 区切り。
"Where the row label comes from (table_plan(label = )); blank: .label; NA: used to tell rows apart, not printed; NULL: not used.",行ラベルの元（table_plan(label = )）。空欄 = .label、NA = 行の区別にだけ使い表示しない、NULL = 使わない。
"cells (cells built from templates) or rows (one statistic a row, the raw values) (plan_cells(stats = )); blank: cells.",cells（テンプレートでセルを作る）か rows（1 行 = 1 統計量、生の値）（plan_cells(stats = )）。空欄 = cells。
With stats = rows: stat (the number) or stat_fmt (cards' formatted text) (plan_cells(value = )); blank: stat.,stats = rows のときの値：stat（数値）か stat_fmt（cards の整形済み文字）（plan_cells(value = )）。空欄 = stat。
What joins several column keys into a column name (plan_columns(sep = )); the columns sheet names value columns with it; blank: ____.,列キーが複数のとき値の列名をつなぐ文字（plan_columns(sep = )）。columns シートはこの名前で値の列を指す。空欄 = ____。
"TRUE, FALSE, or the sort keys in order, - in front for descending (plan_sort()); blank: the data's order.",TRUE、FALSE、または並べ替えキーを順に（降順は前に -）（plan_sort()）。空欄 = データの順。
The statistic totalled across columns for a frequency order (plan_sort(stat = )).,頻度順に並べるとき列方向に合計する統計量（plan_sort(stat = )）。
What a cell no template could fill prints (plan_cells(na = )); blank: empty.,どのテンプレートも埋められなかったセルの表示（plan_cells(na = )）。空欄 = 空。
"Which population {n} in the column header is, for a table split by page (a lab parameter): page (those with that page's data), table (the analysis set), or both as n = page | N = table for {n} and {N}; blank: page (warns when both exist and differ). Both must be in the ARD.",ページ（検査項目など）で分けた表で、列見出しの {n} がどの母集団か：page（そのページのデータがある人）、table（解析対象集団）、両方なら n = page | N = table で {n} と {N}。空欄 = page（両方あって食い違えば警告）。どちらも ARD に入れておくこと。
"Table: one row a variable (an analysis variable, a column key or the label column).",表：1 行 = 1 変数（解析変数、列キー、ラベル列）。
The variable's name.,変数名。
What prints for its name (plan_labels()); blank: the name.,変数名の代わりに表示する文字（plan_labels()）。空欄 = 変数名。
Its place among the variables (a number); blank: the data's order.,変数の並び順（数値）。空欄 = データの順。
"Its values in print order, | between them (plan_levels()); blank: the data's order.",値の表示順。| 区切り（plan_levels()）。空欄 = データの順。
"Table: one row a line of a cell (plan_cells()). Rows with the same variable / context / row are one chain, tried top down. With stats = rows, a row with no template is one statistic's digits (plan_digits(.rows = )): row = the statistic as the label column prints it.",表：1 行 = セルの 1 行分（plan_cells()）。同じ variable / context / row の行は上から順に試す連鎖になる。stats = rows では、template の無い行は 1 つの統計量の桁（plan_digits(.rows = )）：row = ラベル列に出る統計量名。
"What the template is for: a variable, continuous / categorical (every variable of that kind); blank: every variable.",テンプレートの対象：変数名、continuous / categorical（その種類の変数すべて）。空欄 = すべての変数。
Only the ARD rows of this context (one variable summarised two ways); blank: any.,この context の ARD の行だけ（1 つの変数を 2 通りに集計したとき）。空欄 = すべて。
"The row's label; blank: one row a level, labelled by the level.",行のラベル。空欄 = 水準ごとに 1 行（ラベルは水準名）。
An R condition on the statistics; the row is used only when it holds; blank: always.,統計量に対する R の条件。成り立つときだけこの行を使う。空欄 = 常に。
The cell's text with {statistic:format} tokens.,セルの文字。{統計量:書式} を埋め込む。
"Decimals of a token with no format, a comma between tokens; blank: plan_digits().",書式の無いトークンの小数桁。トークンごとにカンマ区切り。空欄 = plan_digits()。
Significant digits (wins over digits); blank: none.,有効桁（digits より優先）。空欄 = なし。
"Table: one row a report. Pages, groups, blank rows, stub; the prefix names the plan verb, the rest its argument.",表：1 行 = 1 帳票。ページ・グループ・空行・スタブ。列名の接頭辞が plan の verb、残りがその引数。
"Rows a page (plan_paginate_rows(max_rows = )), a whole number; blank: as_rtftables()' default.",1 ページの行数（plan_paginate_rows(max_rows = )）。整数。空欄 = as_rtftables() の既定。
How a page break may cut: group_safe / group_force / rows / ... (plan_paginate_rows(split = )); blank: as_rtftables()' default.,改ページで切ってよい位置：group_safe / group_force / rows など（plan_paginate_rows(split = )）。空欄 = as_rtftables() の既定。
"Row positions to cut before, | between them, with pages_split = rows (plan_paginate_rows(break_before = )); blank: none.",この行位置の前で改ページ。| 区切り。pages_split = rows と一緒に（plan_paginate_rows(break_before = )）。空欄 = なし。
"Rows of a group kept together at the foot of a page, a whole number (plan_paginate_rows(min_group_rows = )); blank: the default.",ページ末に一緒に残すグループの行数（plan_paginate_rows(min_group_rows = )）。整数。空欄 = 既定。
Appended to a group label continued on the next page (plan_paginate_rows(cont_label = )); quote it to keep leading spaces; blank: none.,次のページに続くグループのラベルに付ける文字（plan_paginate_rows(cont_label = )）。先頭の空白を残すときは引用符で囲む。空欄 = なし。
With group_page = TRUE: the column whose values each start a page (plan_paginate_group(col = )); blank: the outermost row key.,group_page = TRUE のとき、値ごとにページを始める列（plan_paginate_group(col = )）。空欄 = 一番外の行キー。
How groups print (plan_row_group(mode = )): value / indent / ...; blank: the default.,グループの表示の仕方（plan_row_group(mode = )）：value / indent など。空欄 = 既定。
"TRUE, or the columns (names or positions, | between them) whose repeated values print once (plan_row_group(collapse = )); blank: none.",TRUE、または繰り返す値を 1 度だけ表示する列（名前か位置。| 区切り）（plan_row_group(collapse = )）。空欄 = なし。
TRUE / FALSE: one page per value of group_col (plan_paginate_group()); blank: FALSE.,TRUE / FALSE：group_col の値ごとに 1 ページ（plan_paginate_group()）。空欄 = FALSE。
"TRUE / FALSE: with group_page, FALSE leaves the group column unprinted (plan_paginate_group(keep = )); blank: TRUE.",TRUE / FALSE：group_page のとき、FALSE でグループの列を表示しない（plan_paginate_group(keep = )）。空欄 = TRUE。
Where blank rows go: a named rule such as between_groups (plan_blanks(where = )); blank: none.,空行を入れる場所：between_groups などの名前付きの規則（plan_blanks(where = )）。空欄 = なし。
TRUE / FALSE: a blank row before the first row (plan_blanks(first = )); blank: the default.,TRUE / FALSE：最初の行の前に空行（plan_blanks(first = )）。空欄 = 既定。
TRUE / FALSE: a blank row after the last row (plan_blanks(last = )); blank: the default.,TRUE / FALSE：最後の行の後に空行（plan_blanks(last = )）。空欄 = 既定。
TRUE / FALSE: blank rows count towards pages_max_rows (plan_blanks(counted = )); blank: the default.,TRUE / FALSE：空行を pages_max_rows に数える（plan_blanks(counted = )）。空欄 = 既定。
"The row-key columns folded into one stub column, | between them (plan_stub(vars = )); blank: the row keys.",1 つのスタブ列に畳む行キーの列。| 区切り（plan_stub(vars = )）。空欄 = 行キー。
The stub column's name (plan_stub(name = )); blank: the default.,スタブ列の名前（plan_stub(name = )）。空欄 = 既定。
"Spaces a level is indented in the stub, a whole number (plan_stub(indent = )); blank: the default.",スタブで 1 段の字下げに使う空白の数（plan_stub(indent = )）。整数。空欄 = 既定。
How a group's summary row shows in the stub (plan_stub(group_summary = )); blank: the default.,グループの要約行のスタブでの見せ方（plan_stub(group_summary = )）。空欄 = 既定。
TRUE / FALSE: fold the stub before cell styles and sorting see the rows (plan_stub(before = )); blank: FALSE.,TRUE / FALSE：セルの書式と並べ替えが行を見る前にスタブを畳む（plan_stub(before = )）。空欄 = FALSE。
"Value columns a column page, a whole number (plan_paginate_cols(every = )); blank: no column pages.",列ページ 1 枚あたりの値の列数（plan_paginate_cols(every = )）。整数。空欄 = 列ページにしない。
"The columns to cut before (names or positions), | between them (plan_paginate_cols(at = )).",この列の前で列ページを分ける（名前か位置）。| 区切り（plan_paginate_cols(at = )）。
A separator in the column names: one column page per key before it (plan_paginate_cols(cut_by = )).,列名の中の区切り文字：その前のキーごとに 1 枚の列ページ（plan_paginate_cols(cut_by = )）。
"Columns printed on every column page (names or positions), | between them (plan_paginate_cols(keep = )); blank: the stub.",すべての列ページに出す列（名前か位置）。| 区切り（plan_paginate_cols(keep = )）。空欄 = スタブ。
"TRUE / FALSE: TRUE puts every column page on page 1's width scale, FALSE keeps each column's width (plan_paginate_cols(fit = )); blank: TRUE.",TRUE / FALSE：TRUE = どの列ページも 1 ページ目の幅の比率、FALSE = 列ごとの幅のまま（plan_paginate_cols(fit = )）。空欄 = TRUE。
TRUE / FALSE: FALSE never cuts inside a spanning header cell (plan_paginate_cols(allow_span_break = )); blank: TRUE.,TRUE / FALSE：FALSE = 列見出しのまとまりの途中では分けない（plan_paginate_cols(allow_span_break = )）。空欄 = TRUE。
"The order the axes nest in, outermost first: group / rows / cols, or across / down (plan_paginate_cols(order = )); | between them; blank: the default.",入れ子の順（外側から）：group / rows / cols、または across / down（plan_paginate_cols(order = )）。| 区切り。空欄 = 既定。
"Table: one row a printed column, by name (the stub by stub_name, a value column by its keys joined with tables$sep); .values = every value column. Named columns win over .values.",表：1 行 = 印字される列 1 つ。列は名前で指す（スタブは stub_name の名前、値の列は tables の sep でつないだキー）。.values = 値の列すべて。名前で書いた列が .values より優先。
"A column name, or .values.",列名、または .values。
Relative width (a number; plan_columns(widths = )). Give one to every printed column (.values covers the value columns); blank: rtfreporter's widths.,相対幅（数値。plan_columns(widths = )）。書くなら印字される列すべてに（値の列は .values でまとめて）。空欄 = rtfreporter の幅。
TRUE / FALSE: a row-title column (plan_columns(row_title = )); blank: FALSE.,TRUE / FALSE：行見出しの列（plan_columns(row_title = )）。空欄 = FALSE。
TRUE / FALSE: align the decimal points (plan_columns(decimal = )); blank: FALSE.,TRUE / FALSE：小数点を揃える（plan_columns(decimal = )）。空欄 = FALSE。
"TRUE / FALSE: used, not printed (plan_hide()); blank: FALSE.",TRUE / FALSE：処理には使うが印字しない（plan_hide()）。空欄 = FALSE。
Table: one row a report; plan_style()'s arguments (auto_width goes to plan_columns()). Blank: the document's or rtfreporter's default.,表：1 行 = 1 帳票。plan_style() の引数（auto_width は plan_columns() へ）。空欄 = 文書か rtfreporter の既定。
"The table's rules: tfl (header top and bottom, a bottom rule on the last row) or none; blank: tfl.",表の罫線：tfl（見出しの上下と最終行の下）か none。空欄 = tfl。
TRUE / FALSE: realign n (xx.x) count / percent cells to one width; blank: FALSE.,TRUE / FALSE：n (xx.x) のセルを同じ幅に揃える。空欄 = FALSE。
TRUE / FALSE: size each column to its widest content (plan_columns(auto_width = )); an explicit rel_width wins; blank: FALSE.,TRUE / FALSE：列幅を一番長い中身に合わせる（plan_columns(auto_width = )）。rel_width があればそちらが勝つ。空欄 = FALSE。
Data row height in twips (1/1440 inch); blank: from the font size.,データ行の高さ（twips = 1/1440 インチ）。空欄 = フォントの大きさから。
"TRUE / FALSE: TRUE exact (clipped), FALSE at least; blank: FALSE.",TRUE / FALSE：TRUE = その高さちょうど（はみ出しは切る）、FALSE = 最低の高さ。空欄 = FALSE。
Column-header row height in twips; blank: row_height_twips.,列見出しの行の高さ（twips）。空欄 = row_height_twips。
Blank separator row height in twips; blank: row_height_twips.,区切りの空行の高さ（twips）。空欄 = row_height_twips。
Left cell padding in twips; blank: 0.,セルの左の余白（twips）。空欄 = 0。
Right cell padding in twips; blank: 0.,セルの右の余白（twips）。空欄 = 0。
Font family of the table; blank: the document's (Courier).,表のフォント。空欄 = 文書のフォント（Courier）。
Font size in half-points (18 = 9 pt); blank: the document's.,フォントの大きさ（半ポイント。18 = 9 pt）。空欄 = 文書の大きさ。
Placement of the table: left / center / right; blank: left.,表の位置：left / center / right。空欄 = left。
Vertical alignment in a cell: bottom / top / center; blank: bottom.,セルの中の縦位置：bottom / top / center。空欄 = bottom。
"Cell-text markup, one of script (^{} _{} as super / subscript), relational (>= <= as symbols), all, none; blank: the document's (script).",セルの文字の記法：script（^{} _{} で上付き・下付き）、relational（>= <= を記号に）、all、none のどれか。空欄 = 文書の設定（script）。
"One of detect (an all-empty data row prints as one blank row), collapse (a run of blank rows prints as one), none; blank: both detect and collapse.",detect（すべて空のデータ行を 1 つの空行にする）、collapse（続く空行を 1 つにする）、none のどれか。空欄 = detect と collapse の両方。
"The column header's rules: sides from top | bottom | left | right, or none; blank: border's.",列見出しの罫線：top | bottom | left | right から辺を選ぶか none。空欄 = border のとおり。
"The spanning header cells' rules: sides, or none; blank: border's.",スパナー（見出しのまとまり）のセルの罫線：辺か none。空欄 = border のとおり。
"The body rows' rules: sides, or none; blank: border's.",本文の行の罫線：辺か none。空欄 = border のとおり。
"The first body row's rules: sides, or none; blank: border's.",本文の最初の行の罫線：辺か none。空欄 = border のとおり。
"The last body row's rules: sides, or none; blank: border's.",本文の最後の行の罫線：辺か none。空欄 = border のとおり。
"Table: one row a plan_cell_style(), applied in order; a report's own rows replace the default rows whole.",表：1 行 = 1 つの plan_cell_style()。上から順に効く。帳票の行があれば、その帳票ではデフォルトの行をすべて置き換える。
"The columns styled, | between them (.values = every value column); blank: every column.",対象の列。| 区切り（.values = 値の列すべて）。空欄 = すべての列。
TRUE / FALSE: TRUE styles the column header instead of the body; blank: FALSE.,TRUE / FALSE：TRUE で本文ではなく列見出しを対象にする。空欄 = FALSE。
An R condition over the table's columns choosing the rows; blank: every row. Two rows with a where may not set the same look: join their conditions with |.,対象の行を選ぶ R の条件（表の列で書く）。空欄 = すべての行。where のある行どうしで同じ見た目は設定できない。条件は | でまとめる。
TRUE / FALSE; blank: unchanged.,TRUE / FALSE。空欄 = そのまま。
left / center / right; blank: unchanged.,left / center / right。空欄 = そのまま。
"Text colour, #RRGGBB; blank: unchanged.",文字の色（#RRGGBB）。空欄 = そのまま。
"Cell shading, #RRGGBB; blank: unchanged.",セルの背景色（#RRGGBB）。空欄 = そのまま。
Table: one row a header cell (plan_col_header(header = )). A report's own cells replace the default header whole.,表：1 行 = 列見出しのセル 1 つ（plan_col_header(header = )）。帳票の行があればデフォルトの見出しを丸ごと置き換える。
"The header row, a whole number (1 = the top).",見出しの行番号。整数（1 = 一番上）。
"The columns the cell sits on: a name, .values (every value column), a position or range (3, 3:31, 3:last), or KEY = value (the columns whose key has that value); | between them.",セルが乗る列：列名、.values（値の列すべて）、位置か範囲（3、3:31、3:last）、KEY = 値（そのキーがその値の列）。| 区切り。
Blank: one cell over cols; each: one cell a column; a key's name: one cell per value of that key (a spanner).,空欄 = cols 全体で 1 セル、each = 列ごとに 1 セル、キー名 = そのキーの値ごとに 1 セル（スパナー）。
"What prints; a line break is Alt+Enter or \n. Tokens: {col} {col1} {col2} (the column's keys), {n} {n1} {n2} (the population at that depth, read from the ARD), {n:sum} (the total over the cell's columns). Quote it to keep leading spaces.",表示する文字。改行は Alt+Enter か \n。差し込み：{col} {col1} {col2}（列のキー）、{n} {n1} {n2}（その深さの母集団。ARD から読む）、{n:sum}（セルの列の合計）。先頭の空白を残すときは引用符で囲む。
left / center / right (col_cell()); blank: the default.,left / center / right（col_cell()）。空欄 = 既定。
TRUE / FALSE; blank: FALSE.,TRUE / FALSE。空欄 = FALSE。
The cell's top rule: single / double / none ... (rtf_border()); blank: the header's.,セルの上の罫線：single / double / none など（rtf_border()）。空欄 = 見出しのとおり。
"The cell's bottom rule, as border_top.",セルの下の罫線。border_top と同じ。
Report: one row a report; blank output_id: the study's default.,帳票：1 行 = 1 帳票。output_id が空欄の行 = 試験の既定。
table / listing / figure; blank: table.,table / listing / figure。空欄 = table。
"The RTF file, relative to the study key output_path; {output_id} is the report's id; blank: {output_id}.rtf.",RTF のファイル（study のキー output_path からの相対パス）。{output_id} は帳票の ID。空欄 = {output_id}.rtf。
"The program's name, joined to program_dir for {PROGRAM}; blank: {output_id}.",プログラムの名前。program_dir とつないで {PROGRAM} になる。空欄 = {output_id}。
TRUE / FALSE: each named table a section with its name in the page header (rtf_tables(auto_section = )); blank: FALSE.,TRUE / FALSE：名前の付いた表ごとにセクションにし、名前をページヘッダーに出す（rtf_tables(auto_section = )）。空欄 = FALSE。
left / center / right: the section label (rtf_tables(section_label_align = )); blank: left.,left / center / right：セクションのラベル（rtf_tables(section_label_align = )）。空欄 = left。
TRUE / FALSE: each named table's name as its last title line (rtf_tables(auto_title = )); blank: FALSE.,TRUE / FALSE：名前の付いた表の名前をタイトルの最後の行にする（rtf_tables(auto_title = )）。空欄 = FALSE。
left / center / right: that title line (rtf_tables(title_label_align = )); blank: left.,left / center / right：そのタイトルの行（rtf_tables(title_label_align = )）。空欄 = left。
The table's font size in half-points (18 = 9 pt) (rtf_tables(font_size_half_points = )); blank: the document's.,表のフォントの大きさ（半ポイント。18 = 9 pt）（rtf_tables(font_size_half_points = )）。空欄 = 文書の大きさ。
The titles' font size in half-points; blank: the document's.,タイトルのフォントの大きさ（半ポイント）。空欄 = 文書の大きさ。
The footnotes' font size in half-points; blank: the document's.,脚注のフォントの大きさ（半ポイント）。空欄 = 文書の大きさ。
"TRUE / FALSE: FALSE drops the running page header for this report, the study's default lines included; blank: TRUE.",TRUE / FALSE：FALSE でこの帳票だけページヘッダーを付けない（試験の既定の行も）。空欄 = TRUE。
"TRUE / FALSE: FALSE drops the running page footer, likewise; blank: TRUE.",TRUE / FALSE：FALSE でこの帳票だけページフッターを付けない（同じく）。空欄 = TRUE。
"Report: one row a report; the page (rtf_page()) and the document's text defaults (rtf_default_format()). Blank: rtfreporter's options (landscape Letter, 0.75 in margins).",帳票：1 行 = 1 帳票。用紙（rtf_page()）と文書の文字の既定（rtf_default_format()）。空欄 = rtfreporter の設定（横置き Letter、余白 0.75 インチ）。
letter / legal / A4 / A3 / A5; blank: letter.,letter / legal / A4 / A3 / A5。空欄 = letter。
landscape / portrait; blank: landscape.,landscape / portrait。空欄 = landscape。
Page width in inches (wins over paper_size); blank: the paper's.,用紙の幅（インチ。paper_size より優先）。空欄 = 用紙のとおり。
Page height in inches; blank: the paper's.,用紙の高さ（インチ）。空欄 = 用紙のとおり。
Top margin in inches; blank: 0.75.,上の余白（インチ）。空欄 = 0.75。
Bottom margin in inches; blank: 0.75.,下の余白（インチ）。空欄 = 0.75。
Left margin in inches; blank: 0.75.,左の余白（インチ）。空欄 = 0.75。
Right margin in inches; blank: 0.75.,右の余白（インチ）。空欄 = 0.75。
"From the page's top edge to the running header, in inches; blank: the top margin.",用紙の上端からページヘッダーまで（インチ）。空欄 = 上の余白。
"From the page's bottom edge to the running footer, in inches; blank: the bottom margin.",用紙の下端からページフッターまで（インチ）。空欄 = 下の余白。
The body font size in half-points (18 = 9 pt); blank: rtfreporter's option.,本文のフォントの大きさ（半ポイント。18 = 9 pt）。空欄 = rtfreporter の設定。
text (centred paragraphs) / table (a content-width one-column table); blank: text.,text（中央揃えの段落）/ table（本文の幅の 1 列の表）。空欄 = text。
"table (content-width, with the separator rule) / text (paragraphs); blank: table.",table（本文の幅、区切り線あり）/ text（段落）。空欄 = table。
The title block's width: content / page / a fraction of the writable width / twips; blank: content.,タイトルの幅：content / page / 書ける幅に対する割合 / twips。空欄 = content。
"The footnote block's width, as title_width; blank: content.",脚注の幅。title_width と同じ。空欄 = content。
Cell-text markup for the whole document: script / relational / all / none; blank: script.,文書全体のセルの文字の記法：script / relational / all / none。空欄 = script。
"Report: the running page header, one row a line; the line is the key (the study's lines on blank output_id, a report's own on its rows). A line with no text is a blank line.",帳票：ページヘッダー。1 行 = 1 行。line がキー（試験共通は output_id 空欄の行、帳票独自はその帳票の行）。文字の無い行は空行。
"The line number, a whole number (1 = the top).",行番号。整数（1 = 一番上）。
The text at the left; tokens work.,左の文字。差し込み記号が使える。
The text in the centre.,中央の文字。
The text at the right.,右の文字。
"Report: the running page footer, one row a line, as header. A line 99 on blank output_id closes every report.",帳票：ページフッター。1 行 = 1 行。header と同じ書き方。output_id 空欄の 99 行目は全帳票の最後に付く。
The line number.,行番号。
The text at the left.,左の文字。
"Report: the titles above the table, one row a line, as header.",帳票：表の上のタイトル。1 行 = 1 行。header と同じ書き方。
"Report: the footnotes below the table, one row a line, as header.",帳票：表の下の脚注。1 行 = 1 行。header と同じ書き方。
Listing: one row a listing (listing_spec()).,リスト：1 行 = 1 リスト（listing_spec()）。
An rtfreporter listing type (listing_spec(type = )); blank: multiline.,rtfreporter のリストの型（listing_spec(type = )）。空欄 = multiline。
The dataset listed (of the ARD spec's datasets catalog).,リストにするデータセット（ARD Spec の datasets の中から）。
An R condition on its columns choosing the rows; blank: every row.,その列に対する、行を選ぶ R の条件。空欄 = すべての行。
"The sort variables, | between them, - in front for descending; blank: the data's order.",並べ替えの変数。| 区切り、降順は前に -。空欄 = データの順。
"Rows a page, a whole number; blank: rtfreporter's default.",1 ページの行数。整数。空欄 = rtfreporter の既定。
"Listing: one row a printed column, in order (listing_col()).",リスト：1 行 = 印字される列 1 つ（この順。listing_col()）。
"The variables stacked in the column, | between them.",列に縦に積む変数。| 区切り。
The column header; \n is a line break; blank: the variables' names.,列見出し。\n で改行。空欄 = 変数名。
"Characters a line before the cell wraps (listing_col(width = )), a whole number; blank: never wraps.",セルを折り返す前の 1 行の文字数（listing_col(width = )）。整数。空欄 = 折り返さない。
TRUE / FALSE: TRUE prints a value once until it changes; blank: FALSE.,TRUE / FALSE：TRUE で値が変わるまで 1 度だけ表示する。空欄 = FALSE。
cell_styles: cell looks,セルの見た目 (cell_styles)
A word drawn diagonally behind every page (rtf_document(watermark = )); blank: none.,全ページの本文の後ろに斜めに入れる文字（rtf_document(watermark = )）。空欄 = なし。
A figure report: the figure's width in inches (rtf_figures(width_twips = )); blank: the figure's own.,図の帳票：図の幅（インチ。rtf_figures(width_twips = )）。空欄 = 図そのものの幅。
A figure report: the figure's height in inches (rtf_figures(height_twips = )); blank: the figure's own.,図の帳票：図の高さ（インチ。rtf_figures(height_twips = )）。空欄 = 図そのものの高さ。
TRUE / FALSE: a blank row after each record (listing_spec(blank_row = )); blank: the type's.,TRUE / FALSE：レコードごとに後ろに空行（listing_spec(blank_row = )）。空欄 = 型の既定。
The name of an R function that breaks a cell into lines (listing_spec(wrap = )); blank: the type's own rule.,セルを行に折り返す R の関数の名前（listing_spec(wrap = )）。空欄 = 型の既定の規則。
What separates the stacked variables (listing_col(sep = )); quote it to keep its spaces; blank: the type's (/).,縦に積む変数の区切り（listing_col(sep = )）。空白を残すときは引用符で囲む。空欄 = 型の既定（/）。
left / center / right (listing_col(align = )); blank: the type's (left).,left / center / right（listing_col(align = )）。空欄 = 型の既定（left）。
Desktop,デスクトップ
Start menu,スタートメニュー
Applications,アプリケーション
the application menu,アプリケーションのメニュー
"tflplanner (with the action ""%s"")",tflplanner（メニューの項目「%s」付き）
tflplanner will make these shortcuts:,次のショートカットを作成します:
[already there: it will be replaced],［既にあります: 置き換えます］
"A double click starts tflplanner in the browser; ""update and launch"" first updates rtfreporter, tflspec and tflplanner.",ダブルクリックで tflplanner をブラウザで起動します。「更新して起動」は、先に rtfreporter・tflspec・tflplanner を更新します。
They run a small launcher that tflplanner keeps in:,ショートカットが実行する起動用のファイルの置き場所:
To remove them later: remove_shortcut(),あとで削除するには: remove_shortcut()
Make these %d shortcuts?,以上 %d 個のショートカットを作成します。よろしいですか?
Made %d shortcuts:,%d 個のショートカットを作成しました:
"Open tflplanner from Finder > Applications. To keep it in the Dock, drag it there.",Finder の「アプリケーション」から tflplanner を開いてください。Dock に置くには、そこへドラッグしてください。
tflplanner is in the application menu (on some desktops after you log in again).,tflplanner はアプリケーションのメニューにあります（デスクトップ環境によっては、ログインし直した後に表示されます）。
To remove them: remove_shortcut(),削除するには: remove_shortcut()
Nothing to make: both desktop and start_menu are FALSE.,作るものがありません: desktop と start_menu がどちらも FALSE です。
No shortcut was made.,ショートカットは作成していません。
Remove these?,以上を削除します。よろしいですか?
Nothing was removed.,何も削除していません。
Removed:,削除しました:
To make the shortcuts again: add_shortcut(),もう一度作るには: add_shortcut()
Shortcuts:,ショートカット:
The launcher files the shortcuts run:,ショートカットが実行する起動用のファイル:
"Your studies, their files and tflplanner's settings are not touched.",試験とそのファイル、tflplanner の設定はそのまま残ります。
Saving them will:,保存すると、次のことを行います:
create the folders %s and %s if they are not there,フォルダー %s と %s が無ければ作成する
write the settings to %s,設定を %s に書く
remember the home folder in %s,home のフォルダーの場所を %s に記録する
"Change them later with setup_tflplanner(home = , studies_root = ), or in the app's settings.","あとで変えるには: setup_tflplanner(home = , studies_root = )、またはアプリの設定画面。"
Save these settings?,この設定を保存します。よろしいですか?
They would be installed from CRAN with install.packages() into %s. tflplanner itself starts without them; the programs it writes need them.,CRAN から install.packages() で %s に入れます。tflplanner はこれらが無くても起動しますが、tflplanner が書くプログラムを動かすには必要です。
Install these %d packages now?,以上 %d 個のパッケージを今入れます。よろしいですか?
Not installed. Later:,入れていません。あとで入れるには:
No shortcut was made. Later: add_shortcut(),ショートカットは作成していません。あとで作るには: add_shortcut()
Update these packages now?,以上のパッケージを今更新します。よろしいですか?
Nothing was installed.,何も入れていません。
"They are installed into %s, in a separate R process, in this order: rtfreporter, tflspec, tflplanner.",別の R のプロセスで、%s に rtfreporter・tflspec・tflplanner の順に入れます。
"Channels: ""release"" = CRAN, else the latest GitHub release; ""dev"" = the development version on GitHub.","版の種類: ""release"" = CRAN（無ければ GitHub の最新リリース）、""dev"" = GitHub の開発版。"
"The other channel: update_tflplanner(""%s"").","もう一方の版にするには: update_tflplanner(""%s"")。"
Your studies and tflplanner's settings are not touched.,試験と tflplanner の設定はそのまま残ります。
"Afterwards, restart R (in RStudio: Session > Restart R) before using tflplanner again.",終わったら、tflplanner を使う前に R を再起動してください（RStudio では Session > Restart R）。
(reworked by its own code),（独自コードで加工）
Report title,タイトル
Saving...,保存中…
The plot written by hand (ggplot2),手書きのプロット（ggplot2）
The code that makes the plot (edit it on the Reports tab),プロットを作るコード（帳票タブのデータコードで編集します）
"This figure's plot is now ggplot2 code written by hand (below). To make it from a figure design instead, start one from a template or a company preset: its data steps, statistics, settings and layers are filled at once, then each can be changed.",この図のプロットは、今は手書きの ggplot2 のコードです（下）。図のデザインから作るには、テンプレートか会社のプリセットからデザインを始めてください。データ加工・統計量・設定・レイヤーが一括で入り、その後 1 つずつ変更できます。
Column variables,列の変数
"Order of the column variables, outermost first (drag)",列の変数の順序（外側から。ドラッグ）
Order of the columns of %s (drag),%s の列の順序（ドラッグ）
Report (output_id),帳票 (output_id)
(the analysis set's: %s),（解析対象集団のデータ: %s）
Repeated within,層（この中で繰り返す）
Percentages of,% の分母
Formats,書式
This analysis as code (after Apply),この解析のコード（反映後）
Every report's analyses (with output_id),すべての帳票の解析（output_id つき）
Datasets,データセット
Analysis sets,解析対象集団
Study keys,試験の設定
The analyses,解析
